ID,Lat,Lon
1,41.79625619999999,-87.602367
2,41.7991574,-87.59582879999999
3,41.7892116,-87.60406619999999
4,41.7806003,-87.5864564
5,41.7892116,-87.60406619999999
6,41.79770155,-87.60509585
7,41.8027454,-87.5907382
8,41.785686,-87.5910433
9,41.79457499999999,-87.601637
10,41.79992319999999,-87.59161379999999
11,41.7999386,-87.5911268
12,41.8102825,-87.59221219999999
13,41.7910678,-87.60495069999999
14,41.7882484,-87.5909839
15,41.7895653,-87.5873883
16,41.7895653,-87.5873883
17,41.7954867,-87.6020783
18,41.7901437,-87.59606149999999
19,41.7916469,-87.6034081
20,41.7845959,-87.6008803
21,41.7901841,-87.6045875
22,41.7986738,-87.59972594999999
23,41.7913526,-87.60433309999999
24,41.7934284,-87.5839056
26,41.7929823,-87.60100320000001
27,41.7914497,-87.59403305000001
28,41.789734,-87.6015371
29,41.797814,-87.596811
30,41.7845959,-87.6008803
31,41.78952109999999,-87.60424909999999
32,41.7892116,-87.60406619999999
33,41.7901437,-87.59606149999999
34,41.78952109999999,-87.60424909999999
35,41.78952109999999,-87.60424909999999
36,41.7903948,-87.6038772
37,41.790212125,-87.59640075
38,41.7901437,-87.59606149999999
39,41.793204,-87.602639
40,41.7877085,-87.6036874
41,41.78852391666666,-87.59673670000001
42,41.7994513,-87.59583085
43,41.7839373,-87.60368160000002
44,41.78621425,-87.59296434999999
45,41.7853228,-87.60066069999999
46,41.7981626,-87.58905999999999
47,41.7846534,-87.60485949999999
48,41.7910678,-87.60495069999999
49,41.7854503,-87.603927
50,41.7892116,-87.60406619999999
51,41.7910678,-87.60495069999999
52,41.7992743,-87.5843084
53,41.8058503,-87.5956079
54,41.7823388,-87.5946903
55,41.8021008,-87.59634249999999
56,41.7854005,-87.6002883
57,41.79937953333333,-87.6026888
58,41.79693067999999,-87.60213351999998
59,41.7881189,-87.5898105
60,41.794766,-87.60163899999999
61,41.7912712,-87.59819279999999
62,41.7898637,-87.60276669999999
63,41.7889661,-87.60093189999999
64,41.7846534,-87.60485949999999
65,41.7878702,-87.59637719999999
66,41.7899689,-87.6052594
67,41.79639969999999,-87.5949528
68,41.7878888,-87.59475809999999
69,41.7902906,-87.6036892
70,41.7935817,-87.5989699
71,41.792279,-87.599954
72,41.7854005,-87.6002883
73,41.7840675,-87.6043861
74,41.7890602,-87.60645459999999
75,41.8000345,-87.58740449999999
76,41.7895848,-87.59641409999999
77,41.7934284,-87.5839056
78,41.7929823,-87.60100320000001
79,41.78952109999999,-87.60424909999999
80,41.7878702,-87.59637719999999
81,41.7979407,-87.59970829999999
82,41.7910678,-87.60495069999999
83,41.7903948,-87.6038772
84,41.7920395,-87.6017426
85,41.7845959,-87.6008803
86,41.7905318,-87.5948216
87,41.78796639999999,-87.59953639999999
88,41.7892116,-87.60406619999999
89,41.7846534,-87.60485949999999
90,41.7934642,-87.60020039999999
91,41.794474,-87.6016284
92,41.794474,-87.6016284
93,41.7900088,-87.60020999999999
94,41.7892116,-87.60406619999999
95,41.7900088,-87.60020999999999
96,41.7986245,-87.5893995
97,41.7903948,-87.6038772
98,41.8021802,-87.59033699999999
99,41.7846534,-87.60485949999999
100,41.7845959,-87.6008803
101,41.78796639999999,-87.59953639999999
102,41.803223900000006,-87.59659690000001
103,41.7932743,-87.5992108
104,41.7880686,-87.5956212
105,41.7974439,-87.59258345
106,41.7888793,-87.6049986
107,41.78874435,-87.59018885
108,41.7929725,-87.5999293
109,41.792015,-87.59772199999999
110,41.7929725,-87.5999293
111,41.7858644,-87.6060378
112,41.79102779999999,-87.59674919999999
113,41.7899689,-87.6052594
114,41.8000186,-87.59634679999999
115,41.7845959,-87.6008803
116,41.7878636,-87.60211729999999
117,41.783216199999984,-87.59789269999999
118,41.78802779999999,-87.5939404
119,41.7910678,-87.60495069999999
120,41.7912278,-87.587041
121,41.7845959,-87.6008803
122,41.7845959,-87.6008803
123,41.7910678,-87.60495069999999
124,41.78411154999999,-87.598714
125,41.790866,-87.596749
126,41.7845959,-87.6008803
127,41.78952109999999,-87.60424909999999
128,41.7930085,-87.585454
129,41.7935817,-87.5989699
130,41.7851676,-87.5985919
131,41.7913053,-87.5907458
132,41.7992755,-87.5953309
133,41.7892116,-87.60406619999999
134,41.7904914,-87.58703435
135,41.7901748,-87.59914119999999
136,41.79457499999999,-87.601637
137,41.7883128,-87.6045656
138,41.7846534,-87.60485949999999
139,41.7941207,-87.5842622
140,41.7891369,-87.5954551
141,41.7846534,-87.60485949999999
142,41.7882484,-87.5909839
143,41.7857879,-87.586997
144,41.7949237,-87.60126559999999
145,41.7882484,-87.5909839
146,41.7885418,-87.59704579999999
147,41.792015,-87.59772199999999
148,41.7901748,-87.59914119999999
149,41.7986738,-87.59972594999999
150,41.7891369,-87.5954551
151,41.8021802,-87.59033699999999
152,41.8115958,-87.59800729999999
153,41.7877305,-87.6012293
154,41.7950649,-87.5878062
155,41.7950533,-87.58511670000001
156,41.7845959,-87.6008803
157,41.790866,-87.596749
158,41.78962,-87.58657500000001
159,41.7976778,-87.60302709999999
160,41.7979351,-87.5893372
161,41.7910678,-87.60495069999999
162,41.800104899999994,-87.60285045
163,41.792218,-87.6057469
164,41.7919788,-87.5983645
165,41.7855187,-87.601897
166,41.791235,-87.597702
167,41.7973696,-87.5901476
168,41.7911308,-87.60274969999999
169,41.7910678,-87.60495069999999
170,41.798424,-87.605459
171,41.7892116,-87.60406619999999
172,41.78869700000001,-87.6006031
173,41.7901437,-87.59606149999999
174,41.7879395,-87.5981944
175,41.7879118,-87.6008291
176,41.7999353,-87.595523
177,41.7974439,-87.59258345
178,41.8040622,-87.60429219999999
179,41.8008314,-87.60340729999999
180,41.7854503,-87.603927
181,41.7899689,-87.6052594
182,41.794474,-87.6016284
183,41.800104899999994,-87.60285045
184,41.7853228,-87.60066069999999
185,41.80126285,-87.6027089
186,41.79457499999999,-87.601637
187,41.7851676,-87.5985919
188,41.7997902,-87.5909647
189,41.79056575,-87.5902304
190,41.7895621,-87.601259
191,41.7914067,-87.5980738
192,41.7878722,-87.5890975
193,41.7929823,-87.60100320000001
194,41.7901437,-87.59606149999999
195,41.7892116,-87.60406619999999
196,41.7913375,-87.590736825
197,41.7845959,-87.6008803
198,41.7892116,-87.60406619999999
199,41.800751,-87.590997
200,41.7846534,-87.60485949999999
201,41.78802779999999,-87.5939404
202,41.7910678,-87.60495069999999
203,41.7910678,-87.60495069999999
204,41.7895762,-87.60093239999999
205,41.78324815,-87.59471155
206,41.8085078,-87.59747949999999
207,41.7846534,-87.60485949999999
208,41.7891369,-87.5954551
209,41.7919788,-87.5983645
210,41.8010125,-87.58741909999999
211,41.7878636,-87.60211729999999
212,41.7911902,-87.6040112
213,41.7889661,-87.60093189999999
214,41.79661350000001,-87.59654004999999
215,41.7967483,-87.6022442
216,41.7894273,-87.59154939999999
217,41.7929725,-87.5999293
218,41.7889661,-87.60093189999999
219,41.7892116,-87.60406619999999
220,41.792279,-87.599954
221,41.7905841,-87.6053771
222,41.7920395,-87.6017426
223,41.7839492,-87.5958769
224,41.8036234,-87.58565159999999
225,41.79537149999999,-87.58524930000002
226,41.7991982,-87.58754270000001
227,41.7845959,-87.6008803
228,41.790866,-87.596749
229,41.7919788,-87.5983645
230,41.7845959,-87.6008803
231,41.7995481,-87.58720579999999
232,41.7935817,-87.5989699
233,41.7892116,-87.60406619999999
234,41.7889561,-87.5982904
235,41.7899689,-87.6052594
236,41.7912614,-87.59920749999999
237,41.7899689,-87.6052594
238,41.7880092,-87.5987709
239,41.789734,-87.6015371
240,41.790225,-87.60255599999999
241,41.7851676,-87.5985919
242,41.7912883,-87.5968463
243,41.7877085,-87.6036874
244,41.78318105,-87.6011243
245,41.79814289999999,-87.5827101
247,41.79128499999999,-87.59196899999999
248,41.7892116,-87.60406619999999
249,41.7954288,-87.58513169999999
250,41.7991982,-87.58754270000001
251,41.796587,-87.58902789999999
252,41.789650249999994,-87.59236475
253,41.7853228,-87.60066069999999
255,41.7878636,-87.60211729999999
256,41.7899689,-87.6052594
257,41.7901516,-87.6010282
258,41.798639599999994,-87.60390235
259,41.7929823,-87.60100320000001
260,41.7912712,-87.59819279999999
261,41.7901841,-87.6045875
262,41.796699,-87.5914983
263,41.7934028,-87.60085939999999
264,41.78282325,-87.60297309999999
266,41.80016875,-87.59666179999999
267,41.7927938,-87.59843049999999
268,41.7911902,-87.6040112
269,41.7841154,-87.59833449999999
270,41.7817489,-87.6013487
271,41.7888793,-87.6049986
272,41.7889561,-87.5982904
273,41.7834127,-87.5997373
274,41.805923199999995,-87.60273375
275,41.78796639999999,-87.59953639999999
276,41.7899183,-87.59734110000001
277,41.79457499999999,-87.601637
278,41.7903401,-87.5982804
279,41.789734,-87.6015371
280,41.7839026,-87.60539469999999
281,41.7837009,-87.6069315
282,41.7895239,-87.59097729999999
283,41.7854005,-87.6002883
284,41.806034,-87.5905786
285,41.7899183,-87.59734110000001
286,41.7910678,-87.60495069999999
287,41.7893749,-87.5931645
288,41.7903763,-87.5946046
289,41.7882484,-87.5909839
290,41.78210980000001,-87.60007
291,41.7895762,-87.60093239999999
292,41.7935817,-87.5989699
293,41.7826505,-87.6040276
294,41.78952109999999,-87.60424909999999
295,41.792279,-87.599954
296,41.7877085,-87.6036874
297,41.8010125,-87.58741909999999
298,41.7846534,-87.60485949999999
299,41.78962,-87.58657500000001
300,41.7854503,-87.603927
301,41.7846534,-87.60485949999999
302,41.791235,-87.597702
303,41.789734,-87.6015371
304,41.7932161,-87.59975829999999
306,41.79351339999999,-87.5960709
307,41.7846534,-87.60485949999999
308,41.78869700000001,-87.6006031
309,41.7995466,-87.60325127499999
310,41.79746938333333,-87.59912789999998
311,41.7977149,-87.5949878
312,41.803257,-87.58484109999999
313,41.7919788,-87.5983645
314,41.7929823,-87.60100320000001
315,41.7845959,-87.6008803
316,41.7901841,-87.6045875
317,41.7845959,-87.6008803
318,41.7934613875,-87.59928431249999
319,41.7877444,-87.6054096
320,41.8020508,-87.592135
321,41.793602,-87.59214399999999
322,41.7901006,-87.59771169999999
323,41.7846534,-87.60485949999999
324,41.7918883,-87.5944889
325,41.7932161,-87.59975829999999
326,41.7899689,-87.6052594
327,41.7928673,-87.6015536
328,41.8060521,-87.59057899999999
329,41.7788967,-87.59669319999999
330,41.791235,-87.597702
331,41.792279,-87.599954
332,41.7965439,-87.6035284
333,41.7846534,-87.60485949999999
334,41.79321643,-87.59793492999998
335,41.7891768,-87.60195080000001
336,41.8020249,-87.60165060000001
337,41.78962,-87.58657500000001
338,41.78796639999999,-87.59953639999999
339,41.79132,-87.589652
340,41.793823,-87.5848797
341,41.7976299,-87.6007588
342,41.8049131,-87.5929585
343,41.7998596,-87.5889076
344,41.78796639999999,-87.59953639999999
345,41.7941207,-87.5842622
346,41.791314,-87.6061478
347,41.7913056,-87.5935435
348,41.7840531,-87.5879985
349,41.7845959,-87.6008803
350,41.7846534,-87.60485949999999
351,41.7931,-87.590679
352,41.78952109999999,-87.60424909999999
353,41.783216199999984,-87.59789269999999
354,41.7910678,-87.60495069999999
355,41.7899689,-87.6052594
356,41.7841196,-87.5977739
357,41.793282649999995,-87.59407429999999
358,41.7912278,-87.587041
359,41.798431,-87.6042588
360,41.7846534,-87.60485949999999
361,41.7886079,-87.5987133
362,41.79416215,-87.59490199999999
363,41.7892116,-87.60406619999999
364,41.7846534,-87.60485949999999
365,41.799324,-87.5893684
366,41.791237,-87.5982604
367,41.7913118,-87.59105450000001
368,41.7934028,-87.60085939999999
369,41.7846534,-87.60485949999999
370,41.7845959,-87.6008803
371,41.790225,-87.60255599999999
372,41.7919788,-87.5983645
373,41.8017253,-87.5923473
374,41.7899009,-87.5924969
375,41.7914015,-87.5906761
376,41.7920395,-87.6017426
377,41.7929725,-87.5999293
378,41.79255140000001,-87.6018988
379,41.7880686,-87.5956212
380,41.7845959,-87.6008803
381,41.7888793,-87.6049986
382,41.7845959,-87.6008803
383,41.781552,-87.59258299999999
384,41.7910678,-87.60495069999999
385,41.7991176,-87.59018619999999
386,41.801612,-87.58515849999999
387,41.78952109999999,-87.60424909999999
388,41.792279,-87.599954
389,41.7951219,-87.59492139999999
390,41.782198,-87.595134
391,41.7845959,-87.6008803
392,41.7883128,-87.6045656
393,41.7892116,-87.60406619999999
394,41.7934399,-87.58206779999999
395,41.7845959,-87.6008803
396,41.7845959,-87.6008803
397,41.80014145,-87.5997577
398,41.7878702,-87.59637719999999
399,41.7997902,-87.5909647
400,41.7854503,-87.603927
401,41.7886421,-87.5927603
402,41.7913053,-87.5907458
403,41.7943593,-87.59782489999999
404,41.799796,-87.594741
405,41.7901841,-87.6045875
407,41.7845959,-87.6008803
408,41.7895463,-87.6036965
409,41.783623,-87.59425499999999
410,41.7981854,-87.5948559
411,41.7805191,-87.5946307
412,41.7889661,-87.60093189999999
413,41.791573,-87.605226
414,41.80016875,-87.59666179999999
415,41.7880686,-87.5956212
416,41.80220629999999,-87.5968839
417,41.792015,-87.59772199999999
418,41.7878419,-87.5914952
419,41.79698519999999,-87.5977858
420,41.7879118,-87.6008291
421,41.7927938,-87.59843049999999
422,41.7994931,-87.6062511
423,41.7935817,-87.5989699
424,41.7846534,-87.60485949999999
425,41.7846534,-87.60485949999999
426,41.789734,-87.6015371
427,41.7846534,-87.60485949999999
428,41.797698499999996,-87.58132899999998
429,41.79457499999999,-87.601637
430,41.7915074,-87.5889392
431,41.7842143,-87.60343019999999
432,41.8040622,-87.60429219999999
433,41.7993815,-87.5827001
434,41.7991202,-87.59774940000001
435,41.7935817,-87.5989699
436,41.8033751,-87.5867708
437,41.7892116,-87.60406619999999
438,41.7912883,-87.5968463
439,41.7929725,-87.5999293
440,41.7889661,-87.60093189999999
441,41.78295,-87.5943458
442,41.797698499999996,-87.58132899999998
443,41.80318955,-87.60399035
444,41.794766,-87.60163899999999
445,41.794474,-87.6016284
446,41.7899689,-87.6052594
447,41.790225,-87.60255599999999
448,41.7991979,-87.590829
449,41.8043858,-87.6054463
450,41.7957887,-87.5860376
451,41.79532089999999,-87.5900561
452,41.7993748,-87.60131299999999
453,41.796614,-87.6009009
454,41.80154605,-87.60341954999998
455,41.7882484,-87.5909839
456,41.7905318,-87.5948216
457,41.7912278,-87.587041
458,41.7930575,-87.59782469999999
459,41.7997026,-87.5876869
460,41.7846534,-87.60485949999999
461,41.7891369,-87.5954551
462,41.792279,-87.599954
463,41.7892116,-87.60406619999999
464,41.7877305,-87.6012293
465,41.785019,-87.595094
466,41.78952109999999,-87.60424909999999
467,41.7912712,-87.59819279999999
468,41.7920395,-87.6017426
469,41.7846534,-87.60485949999999
470,41.78416,-87.5931038
471,41.7901841,-87.6045875
472,41.7917016,-87.5900948
473,41.78802779999999,-87.5939404
474,41.803257,-87.58484109999999
475,41.7981626,-87.58905999999999
476,41.7912712,-87.5937445
477,41.7904919,-87.6009826
478,41.7929725,-87.5999293
479,41.7888793,-87.6049986
480,41.7858787,-87.6044278
481,41.7910678,-87.60495069999999
482,41.7979555,-87.59906575
483,41.7895762,-87.60093239999999
484,41.7846534,-87.60485949999999
485,41.789734,-87.6015371
486,41.7785315,-87.5980675
487,41.7948812,-87.59738349999999
488,41.7991923,-87.6001364
489,41.7932161,-87.59975829999999
490,41.7895033,-87.59317159999999
491,41.7846534,-87.60485949999999
492,41.7911308,-87.60274969999999
493,41.78962,-87.58657500000001
494,41.7892116,-87.60406619999999
495,41.7895762,-87.60093239999999
496,41.79457499999999,-87.601637
497,41.7892116,-87.60406619999999
498,41.7978544,-87.5882768
499,41.797288175000006,-87.594791
500,41.7846534,-87.60485949999999
501,41.7901516,-87.6010282
502,41.7919425,-87.60283989999999
503,41.7932161,-87.59975829999999
504,41.7899689,-87.6052594
505,41.7813616,-87.60556199999999
506,41.78952109999999,-87.60424909999999
507,41.7953176,-87.5932155
508,41.7883128,-87.6045656
509,41.7945676,-87.60060299999999
510,41.7977642,-87.6025255
511,41.7846534,-87.60485949999999
512,41.7932161,-87.59975829999999
513,41.79803645,-87.5910643
514,41.813,-87.6034016
515,41.782792,-87.59451779999999
516,41.7733656,-87.56721160000001
517,41.7919425,-87.60283989999999
518,41.7911902,-87.6040112
519,41.7950084,-87.58921720000001
520,41.78448969999999,-87.59671019999999
521,41.792279,-87.599954
522,41.7919425,-87.60283989999999
523,41.785371,-87.59707639999999
524,41.7847535,-87.592671
525,41.7929452,-87.5950711
526,41.7845959,-87.6008803
527,41.784479,-87.6023214
528,41.7978976,-87.5949931
529,41.7846534,-87.60485949999999
530,41.7898022,-87.5959359
531,41.7913661,-87.6013016
532,41.8021389,-87.5866612
533,41.7997408,-87.6023443
534,41.78802779999999,-87.5939404
535,41.79865465,-87.60129275
536,41.789257,-87.58979699999999
537,41.7905318,-87.5948216
538,41.7914892,-87.5909303
539,41.7911308,-87.60274969999999
540,41.7889661,-87.60093189999999
541,41.7987031,-87.59662624999999
542,41.7892116,-87.60406619999999
543,41.8020249,-87.60165060000001
544,41.7896827,-87.60405019999999
545,41.7910678,-87.60495069999999
546,41.7824444,-87.5881606
547,41.7804242,-87.5972999
548,41.7893783,-87.6025521
549,41.78451099999999,-87.604023
550,41.7895621,-87.601259
551,41.7915946,-87.6022845
552,41.7843541,-87.5935113
553,41.7822261,-87.60556249999999
554,41.7846534,-87.60485949999999
555,41.78319054999999,-87.59894614999999
556,41.7997077,-87.6045204
557,41.7809612,-87.60234220000001
558,41.7809927,-87.6039586
559,41.79665184999999,-87.5996826
560,41.7855187,-87.601897
561,41.7802432,-87.60220559999999
562,41.7877085,-87.6036874
563,41.7888793,-87.6049986
564,41.78962,-87.58657500000001
565,41.7878636,-87.60211729999999
566,41.7919788,-87.5983645
567,41.7892116,-87.60406619999999
568,41.7886421,-87.5927603
569,41.7911998,-87.5999233
570,41.7994513,-87.59583085
571,41.7846534,-87.60485949999999
572,41.7964721,-87.6012428
573,41.7910678,-87.60495069999999
574,41.7910678,-87.60495069999999
575,41.789734,-87.6015371
576,41.794099349999996,-87.59648250000001
577,41.789397,-87.59280609999999
578,41.7903948,-87.6038772
579,41.7899689,-87.6052594
580,41.796669,-87.60423899999999
581,41.78213179999999,-87.59514639999999
582,41.7997026,-87.5876869
583,41.78324815,-87.59471155
584,41.802959,-87.60470099999999
585,41.7927938,-87.59843049999999
586,41.7910678,-87.60495069999999
587,41.78318105,-87.6011243
588,41.803925,-87.59225699999999
589,41.7889661,-87.60093189999999
590,41.7846534,-87.60485949999999
591,41.790225,-87.60255599999999
592,41.794474,-87.6016284
593,41.7913661,-87.6013016
594,41.794474,-87.6016284
595,41.7912712,-87.59819279999999
596,41.789734,-87.6015371
597,41.8058509,-87.591099
598,41.808831,-87.601023
599,41.7929725,-87.5999293
600,41.792425800000004,-87.58870464999998
601,41.7891369,-87.5954551
602,41.7898839,-87.5960168
603,41.794474,-87.6016284
604,41.7892116,-87.60406619999999
605,41.7804559,-87.6010685
606,41.79055175,-87.59319895000002
607,41.79351339999999,-87.5960709
608,41.7932161,-87.59975829999999
609,41.8055574,-87.5964568
610,41.7912712,-87.59819279999999
611,41.7841961,-87.59142059999999
612,41.7854503,-87.603927
613,41.7892116,-87.60406619999999
614,41.7929725,-87.5999293
615,41.800219,-87.588073
616,41.7977632,-87.601569
617,41.8114017,-87.5993045
618,41.7910678,-87.60495069999999
619,41.7932161,-87.59975829999999
620,41.791235,-87.597702
621,41.7905318,-87.5948216
622,41.7918398,-87.5943853
623,41.7853228,-87.60066069999999
624,41.7879447,-87.5901755
625,41.7956411,-87.5915079
626,41.7886421,-87.5927603
627,41.792279,-87.599954
628,41.7911998,-87.5999233
629,41.789397,-87.59280609999999
630,41.7911308,-87.60274969999999
631,41.7932263,-87.5984127
632,41.7846534,-87.60485949999999
633,41.7880686,-87.5956212
634,41.7967391,-87.5887973
635,41.7888793,-87.6049986
636,41.7910678,-87.60495069999999
637,41.7846534,-87.60485949999999
638,41.7845959,-87.6008803
639,41.78282325,-87.60297309999999
640,41.789734,-87.6015371
641,41.804217,-87.5930423
642,41.794766,-87.60163899999999
643,41.8040967,-87.6038064
644,41.785135,-87.6011573
645,41.7848153,-87.60159809999999
646,41.7966516,-87.5996771
647,41.7898637,-87.60276669999999
648,41.789734,-87.6015371
649,41.8032804,-87.5836988
650,41.7956081,-87.6000492
651,41.7929725,-87.5999293
652,41.7892417,-87.59749049999999
653,41.7891369,-87.5954551
654,41.790866,-87.596749
655,41.7929725,-87.5999293
656,41.8030029,-87.603419
657,41.798451,-87.59692249999999
659,41.790225,-87.60255599999999
660,41.7952617,-87.5967546
661,41.7972003,-87.5888046
662,41.7981411,-87.5958385
663,41.800612,-87.602509
664,41.7793468,-87.5922605
665,41.79055175,-87.59319895000002
666,41.7892116,-87.60406619999999
667,41.7911308,-87.60274969999999
668,41.7813804,-87.6059377
669,41.800101049999995,-87.60393334999999
670,41.802743,-87.595828
671,41.8009658,-87.5917889
672,41.79931000000001,-87.5919614
673,41.7877673,-87.5979953
674,41.7949629,-87.60569339999999
675,41.7901841,-87.6045875
676,41.7892417,-87.59749049999999
677,41.7846534,-87.60485949999999
678,41.792279,-87.599954
679,41.7910678,-87.60495069999999
680,41.79457499999999,-87.601637
681,41.7877085,-87.6036874
682,41.7901748,-87.59914119999999
683,41.7879118,-87.6008291
684,41.78948889999999,-87.60611229999999
685,41.8019189,-87.5880092
686,41.792983,-87.592984
687,41.80513435,-87.59189710000001
688,41.7847535,-87.592671
689,41.7846534,-87.60485949999999
690,41.8004711,-87.5963558
691,41.7934284,-87.5839056
692,41.8021497,-87.5924144
693,41.7910228,-87.6015292
694,41.790225,-87.60255599999999
695,41.8102825,-87.59221219999999
696,41.79239705,-87.5916257
697,41.7990147,-87.5947788
698,41.7919425,-87.60283989999999
699,41.7845959,-87.6008803
700,41.7941578,-87.58898754999998
701,41.7876384,-87.6060609
702,41.8008584,-87.5880251
703,41.7878636,-87.60211729999999
704,41.8021497,-87.5924144
705,41.7899689,-87.6052594
706,41.7911308,-87.60274969999999
707,41.78952109999999,-87.60424909999999
708,41.7911308,-87.60274969999999
709,41.794845,-87.596823
710,41.7971266,-87.593414
711,41.7910678,-87.60495069999999
712,41.7859054,-87.5880184
713,41.8060383,-87.5935387
714,41.7892116,-87.60406619999999
715,41.80084185,-87.60264425
716,41.7883128,-87.6045656
717,41.783216199999984,-87.59789269999999
718,41.7846534,-87.60485949999999
719,41.79785930000001,-87.59221219999999
720,41.78137520000001,-87.600813
721,41.7899689,-87.6052594
722,41.7846534,-87.60485949999999
723,41.7846534,-87.60485949999999
724,41.7901841,-87.6045875
725,41.78802779999999,-87.5939404
726,41.7963149,-87.60138455
727,41.797976000000006,-87.59580245
728,41.7999355,-87.5880225
729,41.7910678,-87.60495069999999
730,41.79659625,-87.58874639999999
731,41.7888793,-87.6049986
732,41.7932161,-87.59975829999999
733,41.78802779999999,-87.5939404
734,41.7857443,-87.59029559999999
735,41.7885151,-87.6040574
736,41.792279,-87.599954
737,41.8146346,-87.6045919
738,41.7910678,-87.60495069999999
739,41.7916443,-87.5881545
740,41.7960582,-87.57910179999999
741,41.7910678,-87.60495069999999
742,41.797976000000006,-87.59580245
743,41.7819087,-87.59759799999999
744,41.7915717,-87.59741989999999
745,41.7920395,-87.6017426
746,41.7846534,-87.60485949999999
747,41.7987242,-87.59500704999999
748,41.7892116,-87.60406619999999
749,41.79055175,-87.59319895000002
750,41.79237515,-87.59324325
751,41.789734,-87.6015371
752,41.7919579,-87.60578369999999
753,41.80016875,-87.59666179999999
754,41.790544,-87.6036984
755,41.7889661,-87.60093189999999
756,41.789113,-87.600152
757,41.7901841,-87.6045875
758,41.7886421,-87.5927603
759,41.79239705,-87.5916257
760,41.7910678,-87.60495069999999
761,41.7901841,-87.6045875
762,41.7839183,-87.6031019
763,41.7846534,-87.60485949999999
764,41.80126285,-87.6027089
765,41.7888793,-87.6049986
766,41.7930239,-87.59680399999999
767,41.7910678,-87.60495069999999
768,41.7892417,-87.59749049999999
769,41.7986738,-87.59972594999999
770,41.794240099999996,-87.58840914999999
771,41.79698519999999,-87.5977858
772,41.7910678,-87.60495069999999
773,41.7854503,-87.603927
774,41.7883128,-87.6045656
775,41.7877445,-87.6053697
776,41.7846534,-87.60485949999999
777,41.78802779999999,-87.5939404
778,41.7932161,-87.59975829999999
779,41.7845959,-87.6008803
780,41.792279,-87.599954
781,41.798043799999995,-87.5903944
782,41.7846534,-87.60485949999999
783,41.7981464,-87.596176
784,41.7986738,-87.59972594999999
785,41.791836,-87.60015512499999
786,41.7932161,-87.59975829999999
787,41.7890602,-87.60645459999999
788,41.7950171,-87.58240909999999
789,41.7854503,-87.603927
790,41.789913,-87.59280299999999
791,41.7885418,-87.59704579999999
792,41.794451,-87.59861540000001
793,41.794451,-87.59861540000001
794,41.794451,-87.59861540000001
795,41.7910228,-87.6015292
796,41.7846534,-87.60485949999999
797,41.7854503,-87.603927
798,41.7963149,-87.60138455
799,41.78952109999999,-87.60424909999999
800,41.7895239,-87.59097729999999
801,41.7919788,-87.5983645
802,41.8101083,-87.5932954
803,41.7851676,-87.5985919
804,41.7954446,-87.5946796
805,41.7948658,-87.59761429999999
806,41.798639599999994,-87.60390235
807,41.7929725,-87.5999293
808,41.789734,-87.6015371
809,41.794474,-87.6016284
810,41.79055175,-87.59319895000002
811,41.7929465,-87.60561369999999
812,41.7963149,-87.60138455
813,41.7888793,-87.6049986
814,41.79055175,-87.59319895000002
815,41.7880092,-87.5987709
816,41.7845959,-87.6008803
817,41.801604,-87.635728
818,41.79239705,-87.5916257
819,41.79313175,-87.60135224999999
820,41.7910065,-87.60074555
821,41.78936179999999,-87.5980201
822,41.78802779999999,-87.5939404
823,41.7979407,-87.59970829999999
824,41.7855444,-87.60313149999999
825,41.790225,-87.60255599999999
826,41.79239705,-87.5916257
827,41.7973141,-87.59332649999999
828,41.7846191,-87.60520020000001
829,41.7920395,-87.6017426
830,41.79313175,-87.60135224999999
831,41.79865465,-87.60129275
832,41.78318105,-87.6011243
833,41.7895621,-87.601259
834,41.78952109999999,-87.60424909999999
835,41.7929725,-87.5999293
836,41.78802779999999,-87.5939404
837,41.79868099999999,-87.58601829999999
838,41.7901748,-87.59914119999999
839,41.7935817,-87.5989699
840,41.7855444,-87.60313149999999
841,41.80183,-87.590867
842,41.7846534,-87.60485949999999
843,41.7935817,-87.5989699
844,41.7927938,-87.59843049999999
845,41.7948658,-87.59761429999999
846,41.79457499999999,-87.601637
847,41.7789916,-87.59945669999999
848,41.7935817,-87.5989699
849,41.796435,-87.58167619999999
850,41.794474,-87.6016284
851,41.80015590000001,-87.5887777
852,41.7906283,-87.59458529999999
853,41.7935817,-87.5989699
854,41.7910678,-87.60495069999999
855,41.7901841,-87.6045875
856,41.7911308,-87.60274969999999
857,41.7904919,-87.6009826
858,41.7845959,-87.6008803
859,41.789734,-87.6015371
860,41.79123070000001,-87.60616209999999
861,41.7845959,-87.6008803
862,41.7846191,-87.60520020000001
863,41.792279,-87.599954
864,41.7993135,-87.59241019999999
865,41.7899163,-87.6049812
866,41.791237,-87.5982604
867,41.7899689,-87.6052594
868,41.7910678,-87.60495069999999
869,41.7846191,-87.60520020000001
870,41.7976116,-87.58876269999999
871,41.7851676,-87.5985919
872,41.7919425,-87.60283989999999
873,41.7931435,-87.6061982
874,41.7910678,-87.60495069999999
875,41.7845959,-87.6008803
876,41.792279,-87.599954
877,41.791573,-87.605226
878,41.7846298,-87.60484699999999
879,41.7943593,-87.59782489999999
880,41.7912712,-87.59819279999999
881,41.7893841,-87.5931651
882,41.796627,-87.60384144999999
883,41.7956081,-87.6000492
884,41.78796639999999,-87.59953639999999
885,41.804219599999996,-87.59514759999999
886,41.7915946,-87.6022845
887,41.7910678,-87.60495069999999
888,41.8009317,-87.5934324
889,41.7832599,-87.6040371
890,41.7987741,-87.59198800000001
891,41.7913737,-87.60130180000002
892,41.78310889999999,-87.6013859
893,41.7912712,-87.59819279999999
894,41.7854503,-87.603927
895,41.798431,-87.6042588
896,41.7929823,-87.60100320000001
897,41.7929823,-87.60100320000001
898,41.796452,-87.59654155
899,41.78952109999999,-87.60424909999999
900,41.79948400000001,-87.5925456
901,41.782064,-87.601567
902,41.7910678,-87.60495069999999
903,41.796452,-87.59654155
904,41.794155149999995,-87.5983306
905,41.80122679999999,-87.58800579999999
906,41.8115925,-87.5979565
907,41.7846191,-87.60520020000001
908,41.7886566,-87.591965
909,41.7900088,-87.60020999999999
910,41.7913661,-87.6013016
911,41.7963149,-87.60138455
912,41.7929725,-87.5999293
913,41.7987031,-87.59662624999999
914,41.7853843,-87.6048799
915,41.794474,-87.6016284
916,41.797814,-87.596811
917,41.786447,-87.6011959
918,41.7994821,-87.5928012
919,41.7963149,-87.60138455
920,41.7998964,-87.58856159999999
921,41.7931389,-87.591245
922,41.7910678,-87.60495069999999
923,41.7929823,-87.60100320000001
924,41.7845959,-87.6008803
925,41.8032407,-87.586575
926,41.796452,-87.59654155
927,41.79337599999999,-87.60527979999999
928,41.7951711,-87.59181840000001
929,41.7966304,-87.6053601
930,41.7845959,-87.6008803
931,41.794099349999996,-87.59648250000001
932,41.7892116,-87.60406619999999
933,41.79676844999999,-87.59170409999999
934,41.794099349999996,-87.59648250000001
936,41.7853843,-87.6048799
937,41.7948658,-87.59761429999999
938,41.7994931,-87.6062511
939,41.78802779999999,-87.5939404
940,41.7893841,-87.5931651
941,41.789734,-87.6015371
942,41.7986738,-87.59972594999999
943,41.7846191,-87.60520020000001
944,41.7841816,-87.5928921
945,41.7916469,-87.6034081
946,41.7948658,-87.59761429999999
947,41.7910228,-87.6015292
948,41.7859261,-87.59947939999999
949,41.79764309999999,-87.5859893
951,41.78318105,-87.6011243
952,41.7880686,-87.5956212
953,41.79305859999999,-87.5976663
954,41.7891369,-87.5954551
955,41.7963149,-87.60138455
956,41.7892116,-87.60406619999999
957,41.7845959,-87.6008803
958,41.7997257,-87.5896855
959,41.7997371,-87.5919452
960,41.7882484,-87.5909839
961,41.8001922,-87.59503889999999
962,41.794857,-87.5963232
963,41.7899689,-87.6052594
964,41.8015561,-87.6040621
965,41.78802779999999,-87.5939404
966,41.7880686,-87.5956212
967,41.7919425,-87.60283989999999
968,41.794871,-87.594488
969,41.7850154,-87.5981431
972,41.78952109999999,-87.60424909999999
973,41.8112619,-87.5971034
974,41.8009317,-87.5934324
976,41.7846191,-87.60520020000001
977,41.8008943,-87.5966802
978,41.7911308,-87.60274969999999
979,41.7932161,-87.59975829999999
980,41.7997745,-87.59468179999999
981,41.7854005,-87.6002883
982,41.7846191,-87.60520020000001
984,41.79950059999999,-87.59255180000001
986,41.79237515,-87.59324325
987,41.7948658,-87.59761429999999
988,41.7929725,-87.5999293
989,41.7963149,-87.60138455
990,41.780249,-87.599576
991,41.7846191,-87.60520020000001
992,41.7854107,-87.5901488
993,41.7845959,-87.6008803
994,41.7910678,-87.60495069999999
995,41.80021615,-87.59299225
996,41.7912614,-87.59920749999999
997,41.7910678,-87.60495069999999
998,41.7910678,-87.60495069999999
999,41.79351339999999,-87.5960709
1000,41.78539079999999,-87.5946936
1001,41.7892828,-87.5980196
1002,41.797033025,-87.59248252500001
1003,41.794474,-87.6016284
1004,41.7949629,-87.60569339999999
1005,41.80513435,-87.59189710000001
1006,41.794974,-87.58796579999999
1007,41.7949367,-87.60623540000002
1008,41.795076225,-87.5957387
1009,41.800531,-87.58798999999999
1010,41.7804559,-87.6010685
1011,41.7927938,-87.59843049999999
1012,41.7930128,-87.5998245
1013,41.7912712,-87.59819279999999
1014,41.7846191,-87.60520020000001
1016,41.7963149,-87.60138455
1017,41.7910678,-87.60495069999999
1018,41.796452,-87.59654155
1019,41.78590579999999,-87.5879994
1020,41.7889561,-87.5982904
1021,41.7900088,-87.60020999999999
1022,41.7930128,-87.5998245
1023,41.7966863,-87.6041205
1024,41.796452,-87.59654155
1025,41.8021221,-87.60640389999999
1026,41.78962,-87.58657500000001
1027,41.7948658,-87.59761429999999
1028,41.7910678,-87.60495069999999
1029,41.79351339999999,-87.5960709
1030,41.788274,-87.598276
1031,41.7962657,-87.6015927
1032,41.7963149,-87.60138455
1033,41.80910160000001,-87.6030636
1034,41.7963149,-87.60138455
1035,41.7889722,-87.59926279999999
1036,41.7782495,-87.5987911
1037,41.7912278,-87.587041
1038,41.7929725,-87.5999293
1039,41.7912278,-87.587041
1040,41.7935817,-87.5989699
1041,41.7952242,-87.582533
1042,41.7903486,-87.5976735
1043,41.796435,-87.58167619999999
1044,41.7947504,-87.5989685
1045,41.7899689,-87.6052594
1046,41.78796639999999,-87.59953639999999
1047,41.793281925,-87.597604425
1048,41.7910678,-87.60495069999999
1049,41.794474,-87.6016284
1050,41.7841448,-87.5956444
1051,41.7931441,-87.60611000000002
1052,41.8027159,-87.600088
1053,41.7948658,-87.59761429999999
1054,41.796452,-87.59654155
1056,41.7973524,-87.60508055
1057,41.7899689,-87.6052594
1058,41.7882484,-87.5909839
1059,41.78796639999999,-87.59953639999999
1060,41.79351339999999,-87.5960709
1061,41.7882484,-87.5909839
1062,41.7880092,-87.5987709
1063,41.7911902,-87.6040112
1064,41.7891369,-87.5954551
1065,41.7880092,-87.5987709
1066,41.7880092,-87.5987709
1067,41.7879395,-87.5981944
1068,41.78796639999999,-87.59953639999999
1069,41.7841001,-87.6011372
1070,41.7879395,-87.5981944
1071,41.7979437,-87.5851113
1072,41.7935817,-87.5989699
1073,41.7930128,-87.5998245
1074,41.792279,-87.599954
1075,41.7846191,-87.60520020000001
1076,41.79351339999999,-87.5960709
1077,41.7958395,-87.58512350000001
1078,41.789734,-87.6015371
1079,41.7822765,-87.60030205
1080,41.7845959,-87.6008803
1081,41.7840817,-87.6011369
1082,41.7846191,-87.60520020000001
1083,41.7898306,-87.59961955
1084,41.7900088,-87.60020999999999
1085,41.7857443,-87.59029559999999
1086,41.7889722,-87.59926279999999
1087,41.7995233,-87.589095
1088,41.7891369,-87.5954551
1089,41.7886421,-87.5927603
1090,41.792279,-87.599954
1091,41.78802779999999,-87.5939404
1092,41.7986738,-87.59972594999999
1093,41.797999600000004,-87.594222
1094,41.7900088,-87.60020999999999
1095,41.796587,-87.58902789999999
1096,41.79351339999999,-87.5960709
1097,41.799808,-87.5937112
1098,41.7974439,-87.59258345
1099,41.7891369,-87.5954551
1100,41.7954867,-87.6020783
1101,41.79818300000001,-87.597315
1102,41.79665184999999,-87.5996826
1103,41.800679,-87.592269
1104,41.7910678,-87.60495069999999
1105,41.7910678,-87.60495069999999
1106,41.78952109999999,-87.60424909999999
1107,41.7877673,-87.5979953
1108,41.7893749,-87.5931645
1109,41.7994931,-87.6062511
1110,41.79666015,-87.587369
1111,41.7892116,-87.60406619999999
1112,41.7910678,-87.60495069999999
1113,41.78952109999999,-87.60424909999999
1114,41.796452,-87.59654155
1115,41.7999355,-87.5880225
1116,41.7895463,-87.6021964
1117,41.789734,-87.6015371
1118,41.7954417,-87.5886529
1119,41.7889661,-87.60093189999999
1120,41.7846534,-87.60485949999999
1121,41.789837,-87.5968649
1122,41.794353,-87.6008506
1123,41.7971792,-87.6014919
1124,41.7932431,-87.59731055
1125,41.7892116,-87.60406619999999
1126,41.79948400000001,-87.5925456
1127,41.796117,-87.60231399999999
1128,41.7878636,-87.60211729999999
1129,41.792279,-87.599954
1130,41.794155149999995,-87.5983306
1131,41.7790677,-87.6054463
1132,41.7889722,-87.59926279999999
1133,41.780162,-87.604919
1134,41.7893783,-87.6025521
1135,41.7949629,-87.60569339999999
1136,41.79156645,-87.600111625
1137,41.7901841,-87.6045875
1138,41.78952109999999,-87.60424909999999
1139,41.7840971,-87.60039379999999
1140,41.77912300000001,-87.5987718
1141,41.7850859,-87.6024784
1142,41.7888793,-87.6049986
1143,41.7812589,-87.59088539999999
1144,41.7901841,-87.6045875
1145,41.79028933333333,-87.60048133333332
1147,41.7961907,-87.5885461
1148,41.785371,-87.59707639999999
1149,41.7910678,-87.60495069999999
1150,41.7892116,-87.60406619999999
1151,41.7846191,-87.60520020000001
1152,41.7846191,-87.60520020000001
1153,41.7901841,-87.6045875
1154,41.7846191,-87.60520020000001
1155,41.7910678,-87.60495069999999
1156,41.7948658,-87.59761429999999
1157,41.7895762,-87.60093239999999
1158,41.7846191,-87.60520020000001
1159,41.8109942,-87.6053261
1160,41.78952109999999,-87.60424909999999
1161,41.7910678,-87.60495069999999
1162,41.7903948,-87.6038772
1163,41.7970219,-87.6052971
1164,41.7888793,-87.6049986
1165,41.7892116,-87.60406619999999
1166,41.798431,-87.6042588
1167,41.7948658,-87.59761429999999
1168,41.7899689,-87.6052594
1169,41.7846191,-87.60520020000001
1170,41.7986738,-87.59972594999999
1171,41.78802779999999,-87.5939404
1172,41.7860778,-87.5914801
1173,41.7854005,-87.6002883
1174,41.7854005,-87.6002883
1175,41.7853228,-87.60066069999999
1176,41.7934028,-87.60085939999999
1177,41.7846534,-87.60485949999999
1179,41.79351339999999,-87.5960709
1180,41.7948658,-87.59761429999999
1181,41.7891369,-87.5954551
1182,41.78952109999999,-87.60424909999999
1183,41.7913526,-87.5920771
1184,41.78952109999999,-87.60424909999999
1185,41.7948658,-87.59761429999999
1186,41.793195,-87.5919807
1187,41.7854005,-87.6002883
1188,41.7813616,-87.60556199999999
1190,41.7948658,-87.59761429999999
1191,41.7845959,-87.6008803
1192,41.7892116,-87.60406619999999
1193,41.7854005,-87.6002883
1194,41.7853698,-87.6011668
1195,41.791573,-87.605226
1196,41.79351339999999,-87.5960709
1197,41.7846191,-87.60520020000001
1198,41.8117469,-87.60283
1199,41.7845959,-87.6008803
1200,41.801339,-87.590068
1201,41.7910678,-87.60495069999999
1202,41.7950649,-87.5878062
1203,41.7910784,-87.6005453
1204,41.7919425,-87.60283989999999
1205,41.7846191,-87.60520020000001
1206,41.792279,-87.599954
1207,41.803278500000005,-87.59645069999999
1208,41.7895762,-87.60093239999999
1209,41.78411154999999,-87.598714
1210,41.7845959,-87.6008803
1211,41.7976299,-87.6007588
1212,41.8058685,-87.60648789999999
1213,41.7868907,-87.593919
1214,41.7899689,-87.6052594
1215,41.7899689,-87.6052594
1216,41.790225,-87.60255599999999
1217,41.7899183,-87.59734110000001
1218,41.7948658,-87.59761429999999
1219,41.7857443,-87.59029559999999
1220,41.79351339999999,-87.5960709
1221,41.7845959,-87.6008803
1222,41.794474,-87.6016284
1223,41.78802779999999,-87.5939404
1224,41.7846191,-87.60520020000001
1225,41.7889661,-87.60093189999999
1226,41.79664175,-87.58545175
1227,41.7892116,-87.60406619999999
1228,41.7846191,-87.60520020000001
1229,41.7846191,-87.60520020000001
1230,41.8108799,-87.5966304
1231,41.7846191,-87.60520020000001
1232,41.7920395,-87.6017426
1233,41.7854005,-87.6002883
1234,41.7929725,-87.5999293
1235,41.7891369,-87.5954551
1236,41.7878636,-87.60211729999999
1237,41.7877664,-87.5980648
1238,41.78319795,-87.5995069
1239,41.7886421,-87.5927603
1240,41.794474,-87.6016284
1241,41.7846191,-87.60520020000001
1242,41.7846191,-87.60520020000001
1243,41.7853228,-87.60066069999999
1244,41.791573,-87.605226
1245,41.797698499999996,-87.58132899999998
1246,41.7892116,-87.60406619999999
1247,41.7880686,-87.5956212
1248,41.790866,-87.596749
1249,41.7878526,-87.5901739
1250,41.7930649,-87.5976652
1251,41.7939849,-87.6016343
1252,41.7899689,-87.6052594
1253,41.7948658,-87.59761429999999
1254,41.7888793,-87.6049986
1255,41.791573,-87.605226
1256,41.7845959,-87.6008803
1257,41.8028728,-87.5868866
1258,41.7910678,-87.60495069999999
1259,41.79351339999999,-87.5960709
1260,41.79351339999999,-87.5960709
1261,41.791235,-87.597702
1262,41.78952109999999,-87.60424909999999
1263,41.7898637,-87.60276669999999
1264,41.7904919,-87.6009826
1265,41.7888793,-87.6049986
1266,41.797813,-87.5983667
1267,41.7804968,-87.5865529
1268,41.78393519999999,-87.6023214
1269,41.7929823,-87.60100320000001
1270,41.8024029,-87.5879358
1271,41.7883409,-87.6049793
1273,41.78952109999999,-87.60424909999999
1274,41.8112607,-87.59740029999999
1275,41.7901841,-87.6045875
1276,41.789734,-87.6015371
1277,41.793602,-87.59214399999999
1278,41.7994513,-87.59583085
1279,41.78952109999999,-87.60424909999999
1280,41.7910678,-87.60495069999999
1281,41.794474,-87.6016284
1282,41.7846191,-87.60520020000001
1283,41.791573,-87.605226
1284,41.7986738,-87.59972594999999
1285,41.7935817,-87.5989699
1286,41.79416215,-87.59490199999999
1287,41.7877678,-87.5980148
1288,41.7854503,-87.603927
1289,41.7845959,-87.6008803
1290,41.7931443,-87.60608239999999
1291,41.7901006,-87.59771169999999
1292,41.7802733,-87.6176514
1293,41.7935817,-87.5989699
1294,41.8008638,-87.59073285
1295,41.794155149999995,-87.5983306
1296,41.7837227,-87.590271
1297,41.790617075,-87.599700125
1298,41.7899689,-87.6052594
1299,41.79351339999999,-87.5960709
1300,41.7935817,-87.5989699
1301,41.7854503,-87.603927
1302,41.79255140000001,-87.6018988
1303,41.792279,-87.599954
1304,41.7932161,-87.59975829999999
1305,41.7901841,-87.6045875
1306,41.800239649999995,-87.59045975000001
1307,41.7919788,-87.5983645
1308,41.8007305,-87.59583940000002
1309,41.7899689,-87.6052594
1310,41.782473,-87.599959
1311,41.7846191,-87.60520020000001
1312,41.7912278,-87.587041
1313,41.791573,-87.605226
1314,41.7903948,-87.6038772
1315,41.7846191,-87.60520020000001
1316,41.78952109999999,-87.60424909999999
1317,41.7910678,-87.60495069999999
1318,41.7951219,-87.59492139999999
1319,41.7920046,-87.6057852
1320,41.7903948,-87.6038772
1321,41.7913443,-87.58889339999999
1322,41.7903948,-87.6038772
1323,41.7853228,-87.60066069999999
1324,41.7889661,-87.60093189999999
1325,41.811602,-87.59829169999999
1326,41.8014219,-87.59487184999999
1327,41.7839684,-87.5887539
1328,41.7854005,-87.6002883
1329,41.7846191,-87.60520020000001
1330,41.790225,-87.60255599999999
1331,41.7845959,-87.6008803
1332,41.7895762,-87.60093239999999
1333,41.7891369,-87.5954551
1334,41.7845959,-87.6008803
1335,41.7891768,-87.60195080000001
1336,41.8106981,-87.60350079999999
1337,41.7878636,-87.60211729999999
1338,41.78936179999999,-87.5980201
1339,41.785506,-87.600405
1340,41.7891369,-87.5954551
1341,41.7919788,-87.5983645
1342,41.78962,-87.58657500000001
1343,41.7858787,-87.6044278
1344,41.7992327,-87.591377
1345,41.7911308,-87.60274969999999
1346,41.7846534,-87.60485949999999
1347,41.7999353,-87.595523
1348,41.7948658,-87.59761429999999
1349,41.792279,-87.599954
1350,41.783983,-87.5981345
1351,41.7895621,-87.601259
1352,41.7892116,-87.60406619999999
1354,41.784479,-87.6023214
1355,41.7854503,-87.603927
1356,41.800101049999995,-87.60393334999999
1357,41.79640775,-87.598744775
1358,41.7935817,-87.5989699
1359,41.7934747,-87.5951185
1360,41.7949629,-87.60569339999999
1361,41.7910784,-87.6005453
1362,41.7850859,-87.6024784
1363,41.80288710000001,-87.59451625
1364,41.78952109999999,-87.60424909999999
1365,41.796435,-87.58167619999999
1366,41.8014219,-87.59487184999999
1367,41.7928524,-87.6040807
1368,41.808051,-87.597391
1369,41.7986738,-87.59972594999999
1370,41.7892116,-87.60406619999999
1371,41.78869700000001,-87.6006031
1372,41.789734,-87.6015371
1373,41.78318105,-87.6011243
1374,41.7986738,-87.59972594999999
1375,41.7986738,-87.59972594999999
1376,41.78324815,-87.59471155
1377,41.7925676,-87.60047649999998
1378,41.7920395,-87.6017426
1379,41.7910678,-87.60495069999999
1380,41.7901748,-87.59914119999999
1381,41.789734,-87.6015371
1382,41.791237,-87.5982604
1384,41.7979069,-87.60388789999999
1385,41.7986154,-87.605121
1386,41.789734,-87.6015371
1387,41.79351339999999,-87.5960709
1388,41.7793468,-87.5922605
1389,41.785371,-87.59707639999999
1390,41.7904919,-87.6009826
1391,41.791235,-87.597702
1392,41.7927245,-87.59775839999999
1393,41.7912883,-87.5968463
1394,41.7932886,-87.5932648
1395,41.7845959,-87.6008803
1396,41.7948658,-87.59761429999999
1397,41.7845959,-87.6008803
1398,41.7892116,-87.60406619999999
1399,41.7888793,-87.6049986
1400,41.7912712,-87.59819279999999
1401,41.7948658,-87.59761429999999
1402,41.7919788,-87.5983645
1403,41.7846191,-87.60520020000001
1404,41.794353,-87.6008506
1405,41.7823388,-87.5946903
1406,41.7932161,-87.59975829999999
1407,41.7994931,-87.6062511
1408,41.7901841,-87.6045875
1409,41.789734,-87.6015371
1410,41.7904919,-87.6009826
1411,41.79351339999999,-87.5960709
1412,41.7889561,-87.5982904
1413,41.7891369,-87.5954551
1414,41.792279,-87.599954
1415,41.790866,-87.596749
1416,41.7888793,-87.6049986
1417,41.7895583,-87.5931746
1418,41.7919425,-87.60283989999999
1419,41.7842257,-87.6032869
1420,41.7846191,-87.60520020000001
1421,41.7842257,-87.6032869
1422,41.78796639999999,-87.59953639999999
1423,41.7912712,-87.59819279999999
1424,41.7889661,-87.60093189999999
1425,41.7845959,-87.6008803
1426,41.7910678,-87.60495069999999
1427,41.7936233,-87.5929647
1428,41.7919425,-87.60283989999999
1429,41.7853228,-87.60066069999999
1430,41.7826677,-87.60486759999999
1431,41.7932161,-87.59975829999999
1432,41.7854005,-87.6002883
1433,41.79351339999999,-87.5960709
1434,41.78796639999999,-87.59953639999999
1435,41.79948400000001,-87.5925496
1436,41.794474,-87.6016284
1438,41.78952109999999,-87.60424909999999
1439,41.7814606,-87.5942907
1440,41.7948658,-87.59761429999999
1441,41.789113,-87.600152
1442,41.78952109999999,-87.60424909999999
1443,41.80090965,-87.59586984999999
1444,41.78952109999999,-87.60424909999999
1445,41.7819596,-87.6031268
1446,41.796450225,-87.597370825
1447,41.78319054999999,-87.59894614999999
1448,41.7878636,-87.60211729999999
1449,41.7854503,-87.603927
1450,41.7888793,-87.6049986
1451,41.7857443,-87.59029559999999
1452,41.7910678,-87.60495069999999
1453,41.7949629,-87.60569339999999
1454,41.800101049999995,-87.60393334999999
1455,41.7882484,-87.5909839
1456,41.7963149,-87.60138455
1457,41.7910678,-87.60495069999999
1458,41.7797674,-87.6031412
1459,41.7819343,-87.604879
1460,41.796979,-87.58787500000001
1461,41.7846191,-87.60520020000001
1462,41.7997745,-87.59468179999999
1463,41.7948658,-87.59761429999999
1464,41.7846191,-87.60520020000001
1465,41.7843249,-87.5958458
1466,41.8030032,-87.6019479
1467,41.7992604,-87.59888149999999
1468,41.79865840000001,-87.6045303
1469,41.7932161,-87.59975829999999
1470,41.797976000000006,-87.59580245
1471,41.7883128,-87.6045656
1472,41.7955712,-87.60568579999999
1473,41.7954337,-87.5850801
1474,41.7824548,-87.5999216
1475,41.7877678,-87.5980148
1476,41.7892503,-87.5946951
1477,41.7935817,-87.5989699
1478,41.791257,-87.59392869999999
1479,41.77927995,-87.60025915
1480,41.7916443,-87.5881545
1481,41.7845959,-87.6008803
1482,41.7825195,-87.5992023
1483,41.7932998,-87.5924584
1484,41.7846191,-87.60520020000001
1485,41.7847535,-87.592671
1486,41.789113,-87.600152
1487,41.7920046,-87.6057852
1488,41.7895762,-87.60093239999999
1489,41.7771789,-87.60310919999999
1490,41.7852334,-87.5941963
1491,41.7899183,-87.59734110000001
1492,41.7910678,-87.60495069999999
1493,41.8028159,-87.6033349
1494,41.7846191,-87.60520020000001
1495,41.7841358,-87.5962844
1496,41.7899689,-87.6052594
1497,41.7851676,-87.5985919
1498,41.7850859,-87.6024784
1499,41.78952109999999,-87.60424909999999
1500,41.792974,-87.592874
1501,41.792279,-87.599954
1502,41.7899689,-87.6052594
1503,41.7919788,-87.5983645
1504,41.7899689,-87.6052594
1505,41.7919425,-87.60283989999999
1506,41.7901841,-87.6045875
1507,41.7845959,-87.6008803
1508,41.7854005,-87.6002883
1509,41.7895762,-87.60093239999999
1511,41.7892417,-87.59749049999999
1512,41.7932161,-87.59975829999999
1513,41.7910678,-87.60495069999999
1514,41.79351339999999,-87.5960709
1515,41.7889661,-87.60093189999999
1516,41.814083,-87.6058791
1517,41.7929725,-87.5999293
1518,41.7929465,-87.60561369999999
1519,41.792279,-87.599954
1520,41.79351339999999,-87.5960709
1521,41.7891768,-87.60195080000001
1522,41.7910678,-87.60495069999999
1523,41.799552,-87.6036931
1524,41.7850671,-87.598144
1525,41.796627,-87.60384144999999
1526,41.7803214,-87.6057385
1527,41.7892116,-87.60406619999999
1528,41.7892116,-87.60406619999999
1529,41.7892116,-87.60406619999999
1530,41.7804242,-87.5972999
1531,41.807968,-87.5964991
1532,41.7966863,-87.6041205
1533,41.78796639999999,-87.59953639999999
1534,41.7927245,-87.59775839999999
1535,41.793602,-87.59214399999999
1536,41.792279,-87.599954
1537,41.788274,-87.598276
1538,41.7846191,-87.60520020000001
1539,41.79131539999999,-87.5951548
1540,41.7850859,-87.6024784
1541,41.7993398,-87.5985268
1542,41.7846191,-87.60520020000001
1543,41.7880686,-87.5956212
1544,41.7911308,-87.60274969999999
1545,41.7986154,-87.605121
1546,41.798639599999994,-87.60390235
1547,41.7838939,-87.60558999999999
1548,41.7948658,-87.59761429999999
1549,41.800101049999995,-87.60393334999999
1550,41.7877673,-87.5979953
1551,41.792989,-87.60255839999999
1552,41.78962,-87.58657500000001
1553,41.800612,-87.602509
1554,41.80061000000001,-87.60318699999999
1555,41.793625,-87.58994
1556,41.7978005,-87.59572899999999
1557,41.78142895,-87.5946605
1558,41.7899689,-87.6052594
1559,41.80507240000001,-87.5928701
1560,41.796521850000005,-87.59870899999999
1561,41.7904115,-87.6009517
1562,41.791237,-87.5982604
1563,41.7909061,-87.6037115
1564,41.7889561,-87.5982904
1565,41.7889561,-87.5982904
1566,41.805837,-87.5986947
1567,41.7909811,-87.6011781
1568,41.7895762,-87.60093239999999
1569,41.7895762,-87.60093239999999
1570,41.7904263,-87.6019385
1571,41.791163725,-87.60011239999999
1572,41.7912712,-87.59819279999999
1573,41.7846191,-87.60520020000001
1574,41.79433205,-87.5823004
1575,41.7941486,-87.5875444
1576,41.7929823,-87.60100320000001
1577,41.798639599999994,-87.60390235
1578,41.7797709,-87.605491
1579,41.7845959,-87.6008803
1580,41.7854005,-87.6002883
1581,41.77884,-87.5987043
1582,41.7910678,-87.60495069999999
1583,41.7846191,-87.60520020000001
1584,41.7948658,-87.59761429999999
1585,41.7991323,-87.5876236
1586,41.78138229999999,-87.59811145
1587,41.7916469,-87.6034081
1588,41.803172,-87.604753
1589,41.7856991,-87.5939369
1590,41.79102779999999,-87.59674919999999
1591,41.7879118,-87.6008291
1592,41.7985718,-87.5853738
1593,41.79537879999999,-87.5981857
1594,41.7954837,-87.58816019999999
1595,41.7845959,-87.6008803
1596,41.7882484,-87.5909839
1597,41.7948658,-87.59761429999999
1598,41.8023062,-87.5998123
1599,41.7910784,-87.6005453
1600,41.7847535,-87.592671
1601,41.78948889999999,-87.60611229999999
1602,41.7845959,-87.6008803
1603,41.7901437,-87.59606149999999
1604,41.7889661,-87.60093189999999
1605,41.8001922,-87.59503889999999
1606,41.7995084,-87.5984241
1607,41.8000311,-87.60513759999999
1608,41.7904765,-87.5967576
1609,41.796859,-87.601676
1610,41.794474,-87.6016284
1611,41.79305859999999,-87.5976663
1612,41.7912278,-87.587041
1613,41.80003869999999,-87.5892313
1614,41.800678,-87.59575
1615,41.788344,-87.60090319999999
1616,41.7912278,-87.587041
1617,41.79992319999999,-87.59161379999999
1618,41.7807533,-87.5948818
1619,41.7899689,-87.6052594
1620,41.794474,-87.6016284
1621,41.7960748,-87.5914207
1622,41.79948400000001,-87.5925456
1623,41.79457499999999,-87.601637
1624,41.79351339999999,-87.5960709
1625,41.7854503,-87.603927
1626,41.7914067,-87.5980738
1627,41.7964721,-87.60123870000001
1628,41.8025846,-87.6018074
1629,41.7953561,-87.5861219
1630,41.780999949999995,-87.60292615
1631,41.7939859,-87.6008615
1632,41.7895848,-87.59641409999999
1633,41.7896827,-87.60405019999999
1634,41.7840817,-87.6011369
1636,41.7997745,-87.59468179999999
1637,41.7948658,-87.59761429999999
1638,41.7846191,-87.60520020000001
1639,41.7962757,-87.6029731
1640,41.8006999,-87.5943731
1641,41.78926999999999,-87.6054858
1642,41.8080142,-87.598849
1643,41.8006025,-87.59017659999999
1644,41.7997745,-87.59468179999999
1645,41.7912883,-87.5968463
1646,41.7930384,-87.60355260000001
1647,41.7905318,-87.5948216
1648,41.78993010000001,-87.6033832
1649,41.7846534,-87.60485949999999
1650,41.7899689,-87.6052594
1651,41.7913723,-87.6014218
1652,41.780008,-87.603229
1653,41.806782,-87.5877423
1654,41.796979,-87.58787500000001
1655,41.792989,-87.60255839999999
1656,41.7903948,-87.6038772
1657,41.79315769999999,-87.59391010000002
1658,41.7901748,-87.59914119999999
1659,41.7971472,-87.5970643
1660,41.7945129,-87.60084979999999
1661,41.806890249999995,-87.5980077
1662,41.7925676,-87.60047649999998
1663,41.78318105,-87.6011243
1664,41.7901841,-87.6045875
1665,41.7846215,-87.60503369999999
1666,41.7892417,-87.59749049999999
1667,41.7880686,-87.5956212
1668,41.7987242,-87.59500704999999
1669,41.8027194,-87.5900905
1670,41.7846191,-87.60520020000001
1671,41.7911308,-87.60274969999999
1672,41.7949629,-87.60569339999999
1673,41.7846191,-87.60520020000001
1674,41.7910678,-87.60495069999999
1675,41.792279,-87.599954
1676,41.7912712,-87.59819279999999
1677,41.7846191,-87.60520020000001
1678,41.7813616,-87.60556199999999
1679,41.7889722,-87.59926279999999
1680,41.7986738,-87.59972594999999
1681,41.794353,-87.6008506
1682,41.80107599999999,-87.600877
1683,41.78261819999999,-87.59612469999999
1684,41.7842203,-87.60327389999999
1685,41.78952109999999,-87.60424909999999
1686,41.791257,-87.59392869999999
1687,41.7846534,-87.60485949999999
1688,41.7929465,-87.60561369999999
1689,41.7913661,-87.6013016
1690,41.794474,-87.6016284
1691,41.7966683,-87.580902
1692,41.7886075,-87.5937902
1693,41.7910678,-87.60495069999999
1694,41.78796639999999,-87.59953639999999
1695,41.7910228,-87.6015292
1696,41.79255140000001,-87.6018988
1698,41.792279,-87.599954
1699,41.7977675,-87.5964061
1700,41.7886421,-87.5927603
1701,41.7963957,-87.59324439999999
1702,41.7857443,-87.59029559999999
1703,41.78401700000001,-87.596716
1704,41.799471700000005,-87.59378394999999
1705,41.79665075,-87.59590317499999
1706,41.7797709,-87.605491
1707,41.79421239999999,-87.59330320000001
1708,41.792279,-87.599954
1709,41.7846191,-87.60520020000001
1710,41.7894852,-87.59281100000001
1711,41.7899689,-87.6052594
1712,41.7845959,-87.6008803
1713,41.7916469,-87.6034081
1714,41.794474,-87.6016284
1715,41.7948658,-87.59761429999999
1716,41.7877085,-87.6036874
1717,41.78875499999999,-87.6046898
1718,41.7955712,-87.60568579999999
1719,41.7948658,-87.59761429999999
1720,41.792279,-87.599954
1721,41.7901437,-87.59606149999999
1722,41.78962,-87.58657500000001
1723,41.78952109999999,-87.60424909999999
1724,41.7920395,-87.6017426
1725,41.7901006,-87.59771169999999
1726,41.7892116,-87.60406619999999
1727,41.7955712,-87.60568579999999
1728,41.79457499999999,-87.601637
1729,41.7919425,-87.60283989999999
1730,41.7846191,-87.60520020000001
1731,41.8021497,-87.5924144
1732,41.7910678,-87.60495069999999
1733,41.7911998,-87.5999233
1734,41.7901841,-87.6045875
1735,41.78796639999999,-87.59953639999999
1736,41.7846191,-87.60520020000001
1737,41.7948658,-87.59761429999999
1739,41.7910678,-87.60495069999999
1741,41.7999895,-87.5959738
1742,41.7878419,-87.5914952
1743,41.7898182,-87.59391010000002
1744,41.7979984,-87.5926042
1745,41.8060057,-87.5870714
1746,41.7858787,-87.6044278
1747,41.7850866,-87.6003224
1748,41.7899689,-87.6052594
1749,41.79351339999999,-87.5960709
1750,41.7880876,-87.5896075
1751,41.7846191,-87.60520020000001
1752,41.7859253,-87.5996638
1753,41.7929725,-87.5999293
1754,41.7879395,-87.5981944
1755,41.792279,-87.599954
1756,41.7957172,-87.5937557
1757,41.792279,-87.599954
1758,41.7934028,-87.60085939999999
1759,41.7892417,-87.59749049999999
1761,41.792279,-87.599954
1762,41.7846191,-87.60520020000001
1763,41.789734,-87.6015371
1764,41.7913661,-87.6013016
1765,41.7846191,-87.60520020000001
1766,41.79150105,-87.58963969999999
1767,41.7847535,-87.592671
1768,41.7988363,-87.5854988
1769,41.7846191,-87.60520020000001
1770,41.7892116,-87.60406619999999
1771,41.7979633,-87.596593
1772,41.7903948,-87.6038772
1773,41.7840817,-87.6011369
1774,41.7891369,-87.5954551
1775,41.7846191,-87.60520020000001
1776,41.7854503,-87.603927
1777,41.7846191,-87.60520020000001
1778,41.7846789,-87.58655639999999
1779,41.7894273,-87.59154939999999
1780,41.8017562,-87.5866716
1781,41.7919805,-87.5886812
1782,41.78952109999999,-87.60424909999999
1783,41.7899689,-87.6052594
1784,41.7899689,-87.6052594
1785,41.7927938,-87.59843049999999
1786,41.7956081,-87.6000492
1787,41.7889345,-87.599158
1788,41.7898637,-87.60276669999999
1789,41.7910678,-87.60495069999999
1790,41.7888793,-87.6049986
1791,41.7954837,-87.58816019999999
1792,41.789734,-87.6015371
1793,41.78993010000001,-87.6033832
1794,41.7889661,-87.60093189999999
1795,41.7791567,-87.59946090000001
1796,41.7987726,-87.59042600000001
1797,41.7881189,-87.5898105
1798,41.7910678,-87.60495069999999
1799,41.7846191,-87.60520020000001
1800,41.7846191,-87.60520020000001
1801,41.7937113,-87.5811683
1802,41.7910678,-87.60495069999999
1803,41.8014219,-87.59487184999999
1804,41.7911308,-87.60274969999999
1805,41.792246250000005,-87.60495925
1806,41.78853429999999,-87.59196179999999
1807,41.7822767,-87.600292
1808,41.79198545,-87.5991851
1809,41.7901748,-87.59914119999999
1810,41.7910678,-87.60495069999999
1811,41.7935469,-87.58948099999999
1812,41.7882484,-87.5909839
1813,41.7886075,-87.5937902
1814,41.7910678,-87.60495069999999
1815,41.8128931,-87.602475
1816,41.7895239,-87.59097729999999
1817,41.78318105,-87.6011243
1818,41.7880686,-87.5956212
1819,41.797457,-87.60024
1820,41.7980922,-87.5961509
1821,41.80220629999999,-87.5968839
1822,41.78952109999999,-87.60424909999999
1823,41.800719,-87.59776099999999
1824,41.78952109999999,-87.60424909999999
1825,41.7901748,-87.59914119999999
1826,41.7964906,-87.59889179999999
1827,41.7886421,-87.5927603
1828,41.7955712,-87.60568579999999
1829,41.7885418,-87.59704579999999
1830,41.78796639999999,-87.59953639999999
1831,41.7859024,-87.60202919999999
1832,41.8056849,-87.6004647
1833,41.8005535,-87.5963579
1834,41.78802779999999,-87.5939404
1835,41.7877085,-87.6036874
1836,41.801746550000004,-87.6066822
1838,41.7905318,-87.5948216
1839,41.7858787,-87.6044278
1840,41.7903948,-87.6038772
1841,41.7919425,-87.60283989999999
1842,41.7920395,-87.6017426
1843,41.79661350000001,-87.59654004999999
1844,41.7845959,-87.6008803
1845,41.7891768,-87.60195080000001
1846,41.7912712,-87.59819279999999
1847,41.7910678,-87.60495069999999
1848,41.797190750000006,-87.5944688
1849,41.7892116,-87.60406619999999
1850,41.7843826,-87.5967083
1851,41.7926519,-87.604581
1852,41.7911308,-87.60274969999999
1853,41.8151964,-87.60542699999999
1854,41.7985756,-87.6023599
1855,41.805112,-87.6011639
1856,41.7981532,-87.6009078
1857,41.7891768,-87.60195080000001
1858,41.78952109999999,-87.60424909999999
1859,41.7895463,-87.6036965
1860,41.79132,-87.589652
1861,41.7910678,-87.60495069999999
1862,41.797623,-87.60628499999999
1863,41.7895621,-87.601259
1864,41.80625,-87.605834
1865,41.7997878,-87.5920088
1866,41.7846191,-87.60520020000001
1867,41.7901841,-87.6045875
1868,41.7938062,-87.5842263
1869,41.7992527,-87.5920246
1870,41.7910678,-87.60495069999999
1871,41.8109472,-87.59709339999999
1872,41.8116037,-87.6056809
1873,41.78952109999999,-87.60424909999999
1874,41.794474,-87.6016284
1875,41.81107,-87.605398
1876,41.7877085,-87.6036874
1877,41.7819343,-87.604879
1878,41.792279,-87.599954
1879,41.7877085,-87.6036874
1880,41.7910678,-87.60495069999999
1881,41.79931000000001,-87.5919614
1882,41.7912278,-87.587041
1883,41.7878636,-87.60211729999999
1884,41.7895653,-87.5873883
1885,41.80122679999999,-87.58800579999999
1886,41.7993598,-87.5881897
1887,41.7899689,-87.6052594
1888,41.7931785,-87.601339
1889,41.7906352,-87.5980565
1890,41.783216199999984,-87.59789269999999
1891,41.7948658,-87.59761429999999
1892,41.7927938,-87.59843049999999
1893,41.7899183,-87.59734110000001
1894,41.7987242,-87.59500704999999
1895,41.7949237,-87.60126559999999
1896,41.7845959,-87.6008803
1897,41.7898839,-87.5960168
1898,41.78962,-87.58657500000001
1899,41.7854503,-87.603927
1900,41.7948658,-87.59761429999999
1901,41.7901841,-87.6045875
1902,41.7882484,-87.5909839
1903,41.7914067,-87.5980738
1904,41.8133474,-87.6056727
1905,41.7846191,-87.60520020000001
1906,41.7910678,-87.60495069999999
1907,41.7912614,-87.59920749999999
1908,41.7910678,-87.60495069999999
1909,41.7889661,-87.60093189999999
1910,41.7927938,-87.59843049999999
1912,41.7949629,-87.60569339999999
1913,41.7910678,-87.60495069999999
1914,41.794474,-87.6016284
1915,41.79656110000001,-87.6058778
1916,41.7910678,-87.60495069999999
1917,41.7891768,-87.60195080000001
1918,41.803257,-87.58484109999999
1919,41.7889661,-87.60093189999999
1920,41.789734,-87.6015371
1921,41.7935817,-87.5989699
1922,41.7846534,-87.60485949999999
1923,41.7927938,-87.59843049999999
1924,41.7877085,-87.6036874
1925,41.78802779999999,-87.5939404
1926,41.7845959,-87.6008803
1927,41.7994931,-87.6062511
1928,41.7845959,-87.6008803
1929,41.795261,-87.6022969
1930,41.7929725,-87.5999293
1931,41.79351339999999,-87.5960709
1932,41.8000515,-87.5893565
1933,41.7964721,-87.60123870000001
1934,41.7948658,-87.59761429999999
1935,41.7948658,-87.59761429999999
1936,41.782813,-87.598337
1937,41.7929725,-87.5999293
1938,41.79351339999999,-87.5960709
1939,41.79965900000001,-87.59393500000002
1940,41.792801,-87.6034172
1941,41.7948658,-87.59761429999999
1942,41.7845959,-87.6008803
1943,41.7889661,-87.60093189999999
1944,41.7925676,-87.60047649999998
1946,41.7854503,-87.603927
1947,41.7899689,-87.6052594
1948,41.7882484,-87.5909839
1949,41.80062435,-87.60515329999998
1950,41.7847535,-87.592671
1951,41.78796639999999,-87.59953639999999
1952,41.794474,-87.6016284
1953,41.7910678,-87.60495069999999
1954,41.784479,-87.6023214
1955,41.794474,-87.6016284
1956,41.7901841,-87.6045875
1957,41.792279,-87.599954
1958,41.7910678,-87.60495069999999
1959,41.7879118,-87.6008291
1960,41.7882484,-87.5909839
1961,41.7896827,-87.60405019999999
1962,41.782262,-87.6011114
1963,41.789734,-87.6015371
1964,41.7846191,-87.60520020000001
1965,41.79351339999999,-87.5960709
1966,41.7846191,-87.60520020000001
1967,41.785371,-87.59707639999999
1968,41.7929725,-87.5999293
1969,41.789734,-87.6015371
1970,41.7854005,-87.6002883
1971,41.7854005,-87.6002883
1972,41.7846191,-87.60520020000001
1973,41.8178738,-87.5997943
1974,41.804342,-87.586759
1975,41.794474,-87.6016284
1976,41.785371,-87.59707639999999
1977,41.7932161,-87.59975829999999
1978,41.7948658,-87.59761429999999
1979,41.78802779999999,-87.5939404
1980,41.789207,-87.60131799999999
1981,41.8096279,-87.5968462
1982,41.7912712,-87.59819279999999
1983,41.79665184999999,-87.5996826
1984,41.7891369,-87.5954551
1985,41.7898637,-87.60276669999999
1986,41.794474,-87.6016284
1987,41.7954867,-87.6020783
1988,41.7879395,-87.5981944
1989,41.78874435,-87.59018885
1990,41.799808,-87.5937112
1991,41.7891768,-87.60195080000001
1992,41.7846191,-87.60520020000001
1993,41.79965900000001,-87.59393500000002
1994,41.7980041,-87.5942436
1995,41.8028728,-87.5868866
1996,41.799475,-87.59178059999999
1997,41.7953556,-87.5862002
1998,41.799407,-87.5997281
1999,41.7885954,-87.6054671
2000,41.796545449999996,-87.59196259999999
2001,41.7948658,-87.59761429999999
2002,41.7909811,-87.6011781
2003,41.7910678,-87.60495069999999
2004,41.7910678,-87.60495069999999
2005,41.7929725,-87.5999293
2006,41.7880686,-87.5956212
2007,41.7894849,-87.5931706
2008,41.7927938,-87.59843049999999
2009,41.79433205,-87.5823004
2010,41.7974845,-87.59775739999999
2011,41.7929725,-87.5999293
2012,41.78492199999999,-87.60392
2013,41.7846191,-87.60520020000001
2014,41.794353,-87.6008506
2015,41.7919788,-87.5983645
2016,41.78315504999999,-87.6043689
2017,41.7889722,-87.59926279999999
2018,41.7845959,-87.6008803
2019,41.78796639999999,-87.59953639999999
2020,41.7845959,-87.6008803
2021,41.796510749999996,-87.59733825
2022,41.7934028,-87.60085939999999
2023,41.7904115,-87.6009517
2024,41.7846191,-87.60520020000001
2025,41.7903948,-87.6038772
2026,41.7845959,-87.6008803
2027,41.78318105,-87.6011243
2028,41.792279,-87.599954
2029,41.7882484,-87.5909839
2030,41.7935817,-87.5989699
2031,41.7854503,-87.603927
2032,41.7892116,-87.60406619999999
2033,41.7948658,-87.59761429999999
2034,41.7882484,-87.5909839
2035,41.7888793,-87.6049986
2036,41.7850866,-87.6003224
2037,41.781361950000004,-87.60078485
2038,41.8029108,-87.5906428
2039,41.7882484,-87.5909839
2040,41.7802796,-87.5964954
2041,41.7966683,-87.580902
2042,41.7901841,-87.6045875
2043,41.8007483,-87.5969348
2044,41.78962,-87.58657500000001
2045,41.8102825,-87.59221219999999
2046,41.7901516,-87.6010282
2047,41.8169257,-87.5974947
2048,41.7919788,-87.5983645
2049,41.7882484,-87.5909839
2050,41.7899163,-87.6049812
2051,41.7990617,-87.6070665
2052,41.7886421,-87.5927603
2053,41.7948658,-87.59761429999999
2054,41.785371,-87.59707639999999
2056,41.794474,-87.6016284
2057,41.7845959,-87.6008803
2058,41.7912614,-87.59920749999999
2059,41.7929823,-87.60100320000001
2060,41.7857443,-87.59029559999999
2062,41.7892116,-87.60406619999999
2063,41.7909811,-87.6011781
2064,41.7967901,-87.5893565
2065,41.7905318,-87.5948216
2066,41.801610249999996,-87.60160919999998
2067,41.8032407,-87.586575
2068,41.8008584,-87.5880251
2069,41.7909811,-87.6011781
2070,41.7903948,-87.6038772
2071,41.7854503,-87.603927
2072,41.7885151,-87.6040574
2073,41.7910678,-87.60495069999999
2074,41.7962295,-87.6015955
2075,41.7924269,-87.58035470000002
2076,41.7846191,-87.60520020000001
2077,41.7932161,-87.59975829999999
2078,41.79351339999999,-87.5960709
2080,41.79665184999999,-87.5996826
2081,41.7934203,-87.5839854
2082,41.7955712,-87.60568579999999
2083,41.8014219,-87.59487184999999
2084,41.7981626,-87.58905999999999
2085,41.7919788,-87.5983645
2086,41.796232,-87.5849569
2087,41.79224929999999,-87.59266889999999
2088,41.7997026,-87.5876869
2089,41.800101049999995,-87.60393334999999
2090,41.7949735,-87.60379739999999
2091,41.797724,-87.6015433
2092,41.7975371,-87.5963678
2093,41.79351339999999,-87.5960709
2094,41.7929465,-87.60561369999999
2096,41.78874435,-87.59018885
2097,41.7889722,-87.59926279999999
2098,41.7914617,-87.59322170000002
2099,41.791028,-87.597605
2100,41.79351339999999,-87.5960709
2101,41.7845959,-87.6008803
2102,41.7910678,-87.60495069999999
2103,41.7919788,-87.5983645
2104,41.7846191,-87.60520020000001
2105,41.78318105,-87.6011243
2106,41.799808,-87.5937112
2107,41.78796639999999,-87.59953639999999
2108,41.7910678,-87.60495069999999
2109,41.7854005,-87.6002883
2110,41.7788466,-87.5994856
2111,41.783216199999984,-87.59789269999999
2112,41.7948658,-87.59761429999999
2113,41.8018483,-87.5908037
2114,41.8074646,-87.6006112
2115,41.7919232,-87.60468220000001
2116,41.7851676,-87.5985919
2117,41.7889561,-87.5982904
2118,41.7948658,-87.59761429999999
2119,41.78952109999999,-87.60424909999999
2120,41.7903948,-87.6038772
2121,41.7900088,-87.60020999999999
2122,41.794474,-87.6016284
2123,41.7891768,-87.60195080000001
2124,41.7892417,-87.59749049999999
2125,41.790225,-87.60255599999999
2126,41.7889561,-87.5982904
2127,41.78952109999999,-87.60424909999999
2128,41.79441525,-87.5903211
2129,41.7919788,-87.5983645
2130,41.7892116,-87.60406619999999
2131,41.794745500000005,-87.5984651
2132,41.802743,-87.595828
2133,41.7910678,-87.60495069999999
2134,41.795917,-87.58438799999999
2135,41.7992755,-87.59774940000001
2136,41.7845959,-87.6008803
2137,41.78952109999999,-87.60424909999999
2138,41.7846191,-87.60520020000001
2139,41.7944572,-87.592473
2140,41.78952109999999,-87.60424909999999
2141,41.79457499999999,-87.601637
2142,41.7948658,-87.59761429999999
2143,41.7845959,-87.6008803
2144,41.7855187,-87.601897
2145,41.7851676,-87.5985919
2146,41.7899689,-87.6052594
2147,41.79056575,-87.5902304
2148,41.792279,-87.599954
2149,41.7892417,-87.59749049999999
2150,41.7911308,-87.60274969999999
2151,41.7899689,-87.6052594
2152,41.7854503,-87.603927
2153,41.7950436,-87.59809709999999
2154,41.78962,-87.58657500000001
2155,41.7880092,-87.5987709
2156,41.7882484,-87.5909839
2157,41.7845959,-87.6008803
2158,41.79659625,-87.58874639999999
2159,41.781463,-87.59144785
2160,41.8028728,-87.5868866
2161,41.78952109999999,-87.60424909999999
2162,41.7927938,-87.59843049999999
2163,41.78952109999999,-87.60424909999999
2164,41.7927938,-87.59843049999999
2165,41.79793025,-87.6004902
2166,41.7948658,-87.59761429999999
2167,41.7949629,-87.60569339999999
2168,41.796452,-87.59654155
2169,41.79351339999999,-87.5960709
2170,41.7976299,-87.6007588
2171,41.798099,-87.585904
2172,41.7892116,-87.60406619999999
2173,41.796519450000005,-87.59894474999999
2174,41.795472,-87.6024626
2175,41.79351339999999,-87.5960709
2176,41.7910784,-87.6005453
2177,41.7953226,-87.58641899999999
2178,41.7911308,-87.60274969999999
2179,41.806890249999995,-87.5980077
2180,41.78952109999999,-87.60424909999999
2181,41.80933479999999,-87.59941289999999
2182,41.78952109999999,-87.60424909999999
2184,41.8078726,-87.5913996
2185,41.799808,-87.5937112
2186,41.7950181,-87.6003137
2187,41.7854503,-87.603927
2188,41.7910678,-87.60495069999999
2189,41.7913729,-87.60136899999999
2190,41.8032384,-87.58580599999999
2191,41.7966012,-87.60585619999999
2192,41.7914059,-87.5980738
2193,41.7914059,-87.5980738
2194,41.806984,-87.6034402
2195,41.7892116,-87.60406619999999
2196,41.80268900000001,-87.58715049999999
2197,41.7910784,-87.6005453
2198,41.7845959,-87.6008803
2199,41.7997745,-87.59468179999999
2200,41.7891768,-87.60195080000001
2201,41.795057,-87.58297000000002
2202,41.7847535,-87.592671
2203,41.7999355,-87.5880225
2205,41.7900088,-87.60020999999999
2206,41.79509189999999,-87.5941309
2207,41.79351339999999,-87.5960709
2208,41.79351339999999,-87.5960709
2209,41.799808,-87.5937112
2210,41.8153329,-87.6061174
2211,41.7910678,-87.60495069999999
2212,41.81592555,-87.60449634999999
2213,41.805317625,-87.60084364999999
2214,41.792279,-87.599954
2215,41.7910678,-87.60495069999999
2216,41.80084345,-87.60210165
2217,41.7893749,-87.5931645
2218,41.792279,-87.599954
2219,41.7882484,-87.5909839
2220,41.792279,-87.599954
2221,41.7845959,-87.6008803
2222,41.8101089,-87.59537689999999
2223,41.7850859,-87.6024784
2224,41.7845959,-87.6008803
2225,41.7895621,-87.601259
2226,41.8001047,-87.5875622
2227,41.7846191,-87.60520020000001
2228,41.78318105,-87.6011243
2229,41.78952109999999,-87.60424909999999
2230,41.792279,-87.599954
2231,41.8052498,-87.585276
2232,41.7963149,-87.60138455
2233,41.7935817,-87.5989699
2234,41.7846191,-87.60520020000001
2235,41.7882484,-87.5909839
2236,41.7911308,-87.60274969999999
2237,41.7853698,-87.6011668
2238,41.7901841,-87.6045875
2240,41.79770155,-87.60509585
2241,41.7883128,-87.6045656
2242,41.794483,-87.58496
2243,41.7846191,-87.60520020000001
2244,41.7919788,-87.5983645
2245,41.7910678,-87.60495069999999
2246,41.78952109999999,-87.60424909999999
2247,41.792989,-87.60255839999999
2248,41.7910678,-87.60495069999999
2249,41.7848153,-87.60159809999999
2250,41.78796639999999,-87.59953639999999
2251,41.7892116,-87.60406619999999
2252,41.8087168,-87.59682855
2253,41.7911308,-87.60274969999999
2254,41.7899689,-87.6052594
2255,41.790783,-87.6061524
2256,41.7883413,-87.60496049999999
2257,41.7805366,-87.5915088
2258,41.7903948,-87.6038772
2259,41.7910228,-87.6015292
2260,41.78962,-87.58657500000001
2261,41.7901841,-87.6045875
2262,41.7982805,-87.5888318
2263,41.7920395,-87.6017426
2264,41.7859971,-87.596333
2265,41.7928524,-87.6040807
2266,41.7927205,-87.6061903
2267,41.799808,-87.5937112
2268,41.791942,-87.58986
2269,41.79935280000001,-87.5879271
2270,41.7934028,-87.60085939999999
2271,41.8030029,-87.603419
2272,41.7910678,-87.60495069999999
2273,41.7768519,-87.597147
2274,41.7889345,-87.599158
2275,41.7913661,-87.6013016
2276,41.8007233,-87.5894083
2277,41.7910678,-87.60495069999999
2278,41.7846191,-87.60520020000001
2279,41.7877085,-87.6036874
2280,41.79140510000001,-87.5985487
2281,41.791296,-87.60616329999999
2282,41.7977244,-87.58761989999999
2283,41.791323,-87.593498
2284,41.7920395,-87.6017426
2285,41.782194,-87.5935667
2286,41.7998079,-87.5888552
2287,41.79659625,-87.58874639999999
2288,41.80154605,-87.60341954999998
2289,41.792471,-87.59124899999999
2290,41.7911902,-87.6040112
2291,41.7877085,-87.6036874
2292,41.7948658,-87.59761429999999
2293,41.790482,-87.60454999999999
2294,41.79029329999999,-87.6016511
2295,41.7889722,-87.59926279999999
2296,41.7909698,-87.6061574
2297,41.7916469,-87.6034081
2298,41.7892116,-87.60406619999999
2299,41.7997257,-87.5896855
2300,41.7846191,-87.60520020000001
2301,41.7846191,-87.60520020000001
2302,41.794155149999995,-87.5983306
2303,41.7899689,-87.6052594
2304,41.7910678,-87.60495069999999
2305,41.7854503,-87.603927
2306,41.7882484,-87.5909839
2307,41.7943179,-87.58611599999999
2308,41.7951805,-87.58803155
2309,41.7948658,-87.59761429999999
2310,41.7999355,-87.5880225
2311,41.7846191,-87.60520020000001
2312,41.7882484,-87.5909839
2313,41.790225,-87.60255599999999
2314,41.797724,-87.600105
2315,41.79351339999999,-87.5960709
2316,41.7846191,-87.60520020000001
2317,41.7997257,-87.5896855
2318,41.7802796,-87.5964954
2319,41.7944428,-87.5932831
2320,41.7992032,-87.5970741
2321,41.7910678,-87.60495069999999
2322,41.7892417,-87.59749049999999
2323,41.7887941,-87.60138289999999
2324,41.7845959,-87.6008803
2325,41.791698,-87.6061655
2326,41.7901841,-87.6045875
2327,41.7877085,-87.6036874
2328,41.7847535,-87.592671
2329,41.78822539999999,-87.5908873
2330,41.7892116,-87.60406619999999
2331,41.7931374,-87.5866521
2332,41.7901841,-87.6045875
2334,41.7851676,-87.5985919
2335,41.79707399999999,-87.59923479999999
2336,41.80093665,-87.59424719999998
2337,41.80594935,-87.60041584999999
2338,41.7911308,-87.60274969999999
2339,41.7933635,-87.58798150000001
2340,41.7946132,-87.5910931
2341,41.7854005,-87.6002883
2342,41.7903248,-87.6061398
2343,41.7948658,-87.59761429999999
2344,41.7911308,-87.60274969999999
2345,41.7934642,-87.60020039999999
2346,41.7948658,-87.59761429999999
2347,41.7910784,-87.6005453
2348,41.7854005,-87.6002883
2349,41.7912712,-87.59819279999999
2350,41.794993,-87.584369
2351,41.7979971,-87.6048177
2352,41.80122679999999,-87.58800579999999
2353,41.7956081,-87.6000492
2354,41.7891369,-87.5954551
2355,41.7935817,-87.5989699
2356,41.791235,-87.597702
2357,41.7845959,-87.6008803
2358,41.7910678,-87.60495069999999
2359,41.7905318,-87.5948216
2360,41.78319054999999,-87.59894614999999
2361,41.7948658,-87.59761429999999
2362,41.8010835,-87.5976329
2363,41.7877305,-87.6012293
2364,41.7913936,-87.5997045
2365,41.791573,-87.605226
2366,41.7997745,-87.59468179999999
2367,41.795379,-87.5981759
2369,41.785371,-87.59707639999999
2370,41.7899689,-87.6052594
2371,41.797814,-87.596811
2372,41.7954417,-87.5886529
2373,41.7892116,-87.60406619999999
2374,41.803257,-87.58484109999999
2375,41.7848153,-87.60159809999999
2376,41.7846191,-87.60520020000001
2377,41.7910678,-87.60495069999999
2378,41.7899689,-87.6052594
2379,41.792279,-87.599954
2380,41.7885151,-87.6040574
2381,41.7804242,-87.5972999
2382,41.791573,-87.605226
2383,41.80122679999999,-87.58800579999999
2384,41.7911308,-87.60274969999999
2385,41.7891369,-87.5954551
2386,41.79351339999999,-87.5960709
2387,41.803462,-87.592882
2388,41.803462,-87.592882
2389,41.7910678,-87.60495069999999
2390,41.7891369,-87.5954551
2391,41.7804242,-87.5972999
2392,41.789207,-87.60131799999999
2393,41.7882484,-87.5909839
2395,41.7854005,-87.6002883
2396,41.7821551,-87.60163179999999
2397,41.7886075,-87.5937902
2398,41.791573,-87.605226
2399,41.788344,-87.60090319999999
2400,41.7854005,-87.6002883
2401,41.7854005,-87.6002883
2402,41.796521850000005,-87.59870899999999
2403,41.7929725,-87.5999293
2404,41.7910678,-87.60495069999999
2406,41.791573,-87.605226
2407,41.79965900000001,-87.59393500000002
2408,41.7846191,-87.60520020000001
2409,41.7935817,-87.5989699
2411,41.785506,-87.600405
2412,41.811168,-87.60230200000001
2413,41.7948658,-87.59761429999999
2414,41.7882484,-87.5909839
2415,41.79351339999999,-87.5960709
2416,41.7901841,-87.6045875
2417,41.7909698,-87.6061574
2418,41.790551,-87.606146
2419,41.7904919,-87.6009826
2420,41.79457499999999,-87.601637
2421,41.794474,-87.6016284
2422,41.789734,-87.6015371
2423,41.7846191,-87.60520020000001
2424,41.7804242,-87.5972999
2425,41.792279,-87.599954
2426,41.790866,-87.596749
2427,41.7901841,-87.6045875
2428,41.7899689,-87.6052594
2429,41.792989,-87.60255839999999
2430,41.7860791,-87.5912211
2431,41.7927938,-87.59843049999999
2432,41.7997745,-87.59468179999999
2433,41.7925676,-87.60047649999998
2434,41.795339,-87.596178
2435,41.79221356000001,-87.59978692
2436,41.7804242,-87.5972999
2437,41.791237,-87.5982604
2438,41.8040622,-87.60429219999999
2439,41.7961907,-87.5885461
2440,41.79056575,-87.5902304
2441,41.7948658,-87.59761429999999
2442,41.8014041,-87.5908544
2443,41.7891768,-87.60195080000001
2444,41.7846191,-87.60520020000001
2445,41.7854005,-87.6002883
2446,41.7882484,-87.5909839
2447,41.7948658,-87.59761429999999
2448,41.7895621,-87.601259
2449,41.7948658,-87.59761429999999
2450,41.7910678,-87.60495069999999
2451,41.7999355,-87.5880225
2452,41.7803866,-87.59651699999999
2453,41.797956850000006,-87.597374
2454,41.7891369,-87.5954551
2455,41.7929725,-87.5999293
2456,41.7948658,-87.59761429999999
2457,41.7912614,-87.59920749999999
2458,41.7901841,-87.6045875
2459,41.7893749,-87.5931645
2460,41.816469,-87.60484799999999
2461,41.79664175,-87.58545175
2462,41.789837,-87.5968649
2463,41.7878636,-87.60211729999999
2464,41.7855187,-87.601897
2465,41.8032384,-87.58580599999999
2466,41.7802796,-87.5964954
2467,41.7846534,-87.60485949999999
2468,41.7885151,-87.6040574
2469,41.7929725,-87.5999293
2470,41.7858644,-87.6060378
2471,41.793316274999995,-87.59272965
2472,41.7912712,-87.59819279999999
2473,41.7912712,-87.59819279999999
2474,41.7948658,-87.59761429999999
2475,41.7899689,-87.6052594
2476,41.7804242,-87.5972999
2477,41.7893008,-87.6012478
2478,41.7953275,-87.601126
2479,41.7854503,-87.603927
2480,41.7927938,-87.59843049999999
2481,41.7919788,-87.5983645
2482,41.7845959,-87.6008803
2483,41.7804242,-87.5972999
2484,41.79351339999999,-87.5960709
2485,41.7919788,-87.5983645
2486,41.7804242,-87.5972999
2487,41.7833723,-87.6013954
2488,41.7910678,-87.60495069999999
2489,41.7845959,-87.6008803
2490,41.79661350000001,-87.59654004999999
2491,41.7878636,-87.60211729999999
2492,41.7900088,-87.60020999999999
2493,41.7910784,-87.6005453
2494,41.7899689,-87.6052594
2495,41.7899689,-87.6052594
2496,41.7949737,-87.58781549999999
2497,41.79337599999999,-87.6052199
2498,41.7854005,-87.6002883
2499,41.7892116,-87.60406619999999
2500,41.7854005,-87.6002883
2501,41.7909142,-87.5982633
2502,41.7901841,-87.6045875
2503,41.7846191,-87.60520020000001
2504,41.792279,-87.599954
2505,41.7910678,-87.60495069999999
2506,41.7927938,-87.59843049999999
2507,41.7854005,-87.6002883
2508,41.7969568,-87.59635229999999
2509,41.785371,-87.59707639999999
2510,41.8013564,-87.5886708
2511,41.791573,-87.605226
2512,41.7910678,-87.60495069999999
2513,41.7854503,-87.603927
2514,41.785371,-87.59707639999999
2515,41.7977681,-87.585999
2516,41.7891768,-87.60195080000001
2517,41.7910678,-87.60495069999999
2518,41.7854005,-87.6002883
2519,41.7912712,-87.59819279999999
2520,41.78962,-87.58657500000001
2521,41.8166889,-87.606979
2522,41.7915946,-87.6022845
2523,41.7882484,-87.5909839
2524,41.7891369,-87.5954551
2525,41.7854503,-87.603927
2526,41.79351339999999,-87.5960709
2527,41.7945552,-87.5818779
2528,41.7892473,-87.594695
2529,41.7935817,-87.5989699
2530,41.8033751,-87.5867708
2531,41.791573,-87.605226
2532,41.7910678,-87.60495069999999
2533,41.7901841,-87.6045875
2534,41.7891768,-87.60195080000001
2535,41.7913053,-87.5907458
2536,41.7899689,-87.6052594
2537,41.78796639999999,-87.59953639999999
2538,41.7885418,-87.59704579999999
2539,41.79505,-87.586587
2540,41.7914074,-87.5980147
2541,41.805977,-87.58563339999999
2542,41.7929725,-87.5999293
2543,41.7910678,-87.60495069999999
2544,41.7854503,-87.603927
2545,41.7846534,-87.60485949999999
2546,41.799928,-87.603173
2547,41.7990839,-87.60304359999999
2548,41.7988963,-87.6047133
2549,41.7846191,-87.60520020000001
2550,41.7845959,-87.6008803
2551,41.7846191,-87.60520020000001
2552,41.8047486,-87.5950344
2553,41.7891369,-87.5954551
2554,41.7804242,-87.5972999
2555,41.7892116,-87.60406619999999
2556,41.792279,-87.599954
2557,41.79755,-87.6023814
2558,41.8017589,-87.600944
2559,41.7840868,-87.5995208
2560,41.7919788,-87.5983645
2561,41.7997745,-87.59468179999999
2562,41.7934028,-87.60085939999999
2563,41.7857879,-87.586997
2564,41.796384,-87.58500699999999
2565,41.7929725,-87.5999293
2566,41.7948658,-87.59761429999999
2567,41.806911799999995,-87.59517025
2568,41.7948658,-87.59761429999999
2569,41.7910678,-87.60495069999999
2570,41.79505,-87.586587
2571,41.7948658,-87.59761429999999
2572,41.780249,-87.599576
2573,41.80018525,-87.59513795
2574,41.79351339999999,-87.5960709
2575,41.7912712,-87.59819279999999
2576,41.7877085,-87.6036874
2577,41.7914306,-87.59564755
2578,41.7938271,-87.58322009999999
2579,41.7992939,-87.5844443
2580,41.79351339999999,-87.5960709
2581,41.799808,-87.5937112
2582,41.7846191,-87.60520020000001
2583,41.799251,-87.583647
2584,41.7952638,-87.59675360000001
2585,41.7932161,-87.59975829999999
2586,41.79077665,-87.597696375
2587,41.783781,-87.60050799999999
2588,41.7885418,-87.59704579999999
2589,41.7910678,-87.60495069999999
2590,41.8021497,-87.5924144
2591,41.7892116,-87.60406619999999
2592,41.78802779999999,-87.5939404
2593,41.79919049999999,-87.6000656
2594,41.7846191,-87.60520020000001
2595,41.8058337,-87.6043959
2596,41.7910678,-87.60495069999999
2597,41.7919425,-87.60283989999999
2598,41.7854005,-87.6002883
2599,41.7895848,-87.59641409999999
2600,41.79416215,-87.59490199999999
2601,41.7910678,-87.60495069999999
2602,41.794474,-87.6016284
2603,41.79351339999999,-87.5960709
2604,41.7846534,-87.60485949999999
2605,41.7892116,-87.60406619999999
2606,41.7986814,-87.5969413
2607,41.7880686,-87.5956212
2608,41.7927938,-87.59843049999999
2609,41.782064,-87.601567
2610,41.8050949,-87.5951351
2611,41.789113,-87.600152
2612,41.79313175,-87.60135224999999
2613,41.7910678,-87.60495069999999
2614,41.792973,-87.595567
2615,41.79441525,-87.5903211
2616,41.789103,-87.604542
2617,41.7912712,-87.59819279999999
2618,41.7845959,-87.6008803
2619,41.7900088,-87.60020999999999
2620,41.7919788,-87.5983645
2621,41.798851,-87.595435
2622,41.7846191,-87.60520020000001
2623,41.803257,-87.58484109999999
2624,41.7846191,-87.60520020000001
2625,41.78802779999999,-87.5939404
2626,41.7903948,-87.6038772
2627,41.7912712,-87.59819279999999
2628,41.7854192,-87.58963729999999
2629,41.7889661,-87.60093189999999
2630,41.8020249,-87.60165060000001
2631,41.7882484,-87.5909839
2632,41.794474,-87.6016284
2633,41.7859257,-87.599623
2634,41.8017253,-87.5923473
2635,41.8016316,-87.5921827
2636,41.7912712,-87.59819279999999
2637,41.7846191,-87.60520020000001
2638,41.7903486,-87.5976735
2639,41.7889561,-87.5982904
2640,41.7888793,-87.6049986
2641,41.79896919999999,-87.6051516
2642,41.7845959,-87.6008803
2643,41.78796639999999,-87.59953639999999
2644,41.7953592,-87.5844438
2645,41.78796639999999,-87.59953639999999
2646,41.7895762,-87.60093239999999
2647,41.80043089999999,-87.5889202
2648,41.7951841,-87.59719989999999
2649,41.7880686,-87.5956212
2650,41.7821475,-87.5976348
2651,41.78875499999999,-87.6046898
2652,41.7880092,-87.5987709
2653,41.7851676,-87.5985919
2654,41.7910678,-87.60495069999999
2655,41.7946868,-87.5822045
2656,41.8008638,-87.59073285
2657,41.799808,-87.5937112
2658,41.7955712,-87.60568579999999
2659,41.790570849999995,-87.59157845
2660,41.7903948,-87.6038772
2661,41.799808,-87.5937112
2662,41.79351339999999,-87.5960709
2663,41.797538,-87.595275
2664,41.7854005,-87.6002883
2665,41.792279,-87.599954
2666,41.7891768,-87.60195080000001
2667,41.8100718,-87.59830559999999
2668,41.7954837,-87.58816019999999
2669,41.78796639999999,-87.59953639999999
2670,41.7996326,-87.6010241
2672,41.7892116,-87.60406619999999
2674,41.7961907,-87.5885461
2675,41.7935817,-87.5989699
2676,41.7895239,-87.59097729999999
2677,41.7948658,-87.59761429999999
2678,41.792279,-87.599954
2679,41.7903948,-87.6038772
2680,41.8089325,-87.6019355
2681,41.7846534,-87.60485949999999
2682,41.7838921,-87.606385
2683,41.79433205,-87.5823004
2684,41.7877085,-87.6036874
2685,41.7877353,-87.6011989
2686,41.7857443,-87.59029559999999
2687,41.78948889999999,-87.60611229999999
2688,41.7911308,-87.60274969999999
2689,41.7829019,-87.59746
2690,41.791291675,-87.59207599999999
2691,41.789113,-87.600152
2692,41.798639599999994,-87.60390235
2693,41.7919788,-87.5983645
2694,41.7882484,-87.5909839
2695,41.7892116,-87.60406619999999
2696,41.7845959,-87.6008803
2697,41.7903948,-87.6038772
2698,41.792279,-87.599954
2699,41.791509399999995,-87.58867095
2700,41.7845959,-87.6008803
2701,41.7882484,-87.5909839
2702,41.7914389,-87.5947774
2703,41.7902054,-87.5929261
2704,41.78655070000001,-87.5914852
2705,41.7948658,-87.59761429999999
2706,41.7846191,-87.60520020000001
2707,41.7892116,-87.60406619999999
2708,41.7899689,-87.6052594
2709,41.7901841,-87.6045875
2710,41.7954837,-87.58816019999999
2711,41.7900874,-87.6045546
2712,41.79073959999999,-87.6061512
2713,41.7846191,-87.60520020000001
2714,41.7804253,-87.60047600000001
2715,41.7832785,-87.59025
2716,41.7914067,-87.5980738
2717,41.8000101,-87.5953964
2718,41.7846191,-87.60520020000001
2719,41.7955649,-87.5875251
2720,41.7932015,-87.6009448
2721,41.794645,-87.58296
2722,41.7951349,-87.5835026
2723,41.7912712,-87.59819279999999
2724,41.794474,-87.6016284
2725,41.7848153,-87.60159809999999
2726,41.7961907,-87.5885461
2727,41.7804242,-87.5972999
2728,41.7882484,-87.5909839
2729,41.7925676,-87.60047649999998
2730,41.7919425,-87.60283989999999
2731,41.7954837,-87.58816019999999
2732,41.7845959,-87.6008803
2733,41.7920395,-87.6017426
2734,41.7948658,-87.59761429999999
2735,41.7925676,-87.60047649999998
2736,41.7912712,-87.59819279999999
2737,41.792801,-87.6034172
2738,41.79440879999999,-87.59166429999999
2739,41.7919067,-87.60282289999999
2740,41.7925905,-87.58999329999999
2741,41.796627,-87.60384144999999
2742,41.8050949,-87.5951351
2743,41.7997905,-87.59201010000001
2744,41.7858787,-87.6044278
2745,41.7955712,-87.60568579999999
2746,41.8008584,-87.5880251
2747,41.79047300000001,-87.59458529999999
2748,41.78315504999999,-87.6043689
2749,41.7910678,-87.60495069999999
2750,41.7857879,-87.586997
2751,41.7868907,-87.593919
2752,41.785371,-87.59707639999999
2753,41.7910678,-87.60495069999999
2754,41.797698499999996,-87.58132899999998
2755,41.7899183,-87.59734110000001
2756,41.7880087,-87.6058554
2757,41.8100092,-87.59958209999999
2758,41.800104899999994,-87.60285045
2759,41.8026696,-87.6020692
2760,41.7948658,-87.59761429999999
2761,41.7880796,-87.58994419999999
2762,41.796452,-87.59654155
2763,41.7902871,-87.6061387
2764,41.7910678,-87.60495069999999
2765,41.7846191,-87.60520020000001
2766,41.7920886,-87.5999701
2767,41.7930085,-87.585454
2768,41.792279,-87.599954
2769,41.7992755,-87.5953309
2770,41.7892116,-87.60406619999999
2771,41.7956411,-87.5915079
2772,41.7880092,-87.5987709
2773,41.791573,-87.605226
2774,41.7995591,-87.60320109999999
2775,41.7910678,-87.60495069999999
2776,41.7905318,-87.5948216
2777,41.7912278,-87.587041
2778,41.7804242,-87.5972999
2779,41.7912712,-87.59819279999999
2780,41.7969701,-87.6055396
2781,41.7899689,-87.6052594
2782,41.7846191,-87.60520020000001
2783,41.7932577,-87.596491
2784,41.7914172,-87.59720970000001
2785,41.799712,-87.59204129999999
2786,41.7914052,-87.5985364
2787,41.7950436,-87.59809709999999
2788,41.7854503,-87.603927
2789,41.7854503,-87.603927
2790,41.7948658,-87.59761429999999
2791,41.7951219,-87.59492139999999
2792,41.791237,-87.5982604
2793,41.7952081,-87.5839381
2794,41.7889661,-87.60093189999999
2795,41.7919425,-87.60283989999999
2796,41.7876891,-87.6049584
2797,41.7912883,-87.5968463
2798,41.7854503,-87.603927
2799,41.792279,-87.599954
2800,41.7846191,-87.60520020000001
2801,41.7950649,-87.5878062
2802,41.792279,-87.599954
2803,41.7999355,-87.5880225
2804,41.79239705,-87.5916257
2806,41.7805355,-87.59305119999999
2807,41.791573,-87.605226
2809,41.7912622,-87.5991324
2810,41.78802779999999,-87.5939404
2811,41.7913661,-87.6013016
2812,41.7906102,-87.5976414
2813,41.7935817,-87.5989699
2814,41.8019719,-87.60324729999999
2815,41.7994931,-87.6062511
2816,41.7999043,-87.59131529999999
2817,41.7816798,-87.5950047
2818,41.7895621,-87.601259
2819,41.7882484,-87.5909839
2820,41.7939911,-87.60017909999999
2821,41.7854005,-87.6002883
2822,41.7993748,-87.60131299999999
2823,41.805081650000005,-87.59675920000001
2824,41.7840817,-87.6011369
2825,41.7845959,-87.6008803
2826,41.8040162,-87.60424689999999
2827,41.7891369,-87.5954551
2828,41.794474,-87.6016284
2829,41.797976000000006,-87.59580245
2830,41.794078,-87.60576200000001
2831,41.79351339999999,-87.5960709
2832,41.7949735,-87.60379739999999
2833,41.7899689,-87.6052594
2834,41.798079,-87.604771
2835,41.7909698,-87.6061574
2836,41.78796639999999,-87.59953639999999
2837,41.7910678,-87.60495069999999
2838,41.7846191,-87.60520020000001
2839,41.78936179999999,-87.5980201
2840,41.7955712,-87.60568579999999
2841,41.7909061,-87.6037115
2842,41.7846191,-87.60520020000001
2843,41.7846191,-87.60520020000001
2844,41.792279,-87.599954
2845,41.7799859,-87.6013382
2846,41.79457499999999,-87.601637
2847,41.789207,-87.60131799999999
2848,41.7898637,-87.60276669999999
2849,41.7868907,-87.593919
2850,41.797698499999996,-87.58132899999998
2851,41.7932161,-87.59975829999999
2852,41.7895762,-87.60093239999999
2853,41.7895331,-87.6029714
2854,41.7895621,-87.601259
2855,41.79132,-87.589652
2856,41.7858889,-87.6034475
2857,41.7877085,-87.6036874
2858,41.8021802,-87.59033699999999
2859,41.7808313,-87.5973628
2860,41.78962,-87.58657500000001
2861,41.7883128,-87.6045656
2862,41.78962,-87.58657500000001
2863,41.791573,-87.605226
2864,41.7877085,-87.6036874
2865,41.7804242,-87.5972999
2866,41.7804242,-87.5972999
2867,41.7893841,-87.5931651
2868,41.8019189,-87.5880092
2869,41.7804242,-87.5972999
2870,41.793146,-87.60498009999999
2871,41.7892116,-87.60406619999999
2872,41.7882484,-87.5909839
2873,41.7910784,-87.6005453
2874,41.794474,-87.6016284
2875,41.7934028,-87.60085939999999
2876,41.7854503,-87.603927
2877,41.8001341,-87.5872809
2878,41.797875,-87.5952896
2879,41.7892116,-87.60406619999999
2880,41.7895762,-87.60093239999999
2881,41.7901748,-87.59914119999999
2882,41.79150105,-87.58963969999999
2883,41.7913661,-87.6013016
2884,41.7932161,-87.59975829999999
2885,41.791235,-87.597702
2886,41.7899689,-87.6052594
2887,41.7804242,-87.5972999
2888,41.78066889999999,-87.6065315
2889,41.8141197,-87.60587989999999
2890,41.7804242,-87.5972999
2891,41.7911308,-87.60274969999999
2892,41.794474,-87.6016284
2894,41.7804242,-87.5972999
2895,41.7916469,-87.6034081
2896,41.7804242,-87.5972999
2897,41.7910678,-87.60495069999999
2898,41.7910678,-87.60495069999999
2899,41.796979,-87.58787500000001
